Catalyst,Shape,Electrode support,,Potential,Anion sepcies of electrolyte ,Concnetration of anion,Cation sepcies of electrolyte ,Concentration of cation,Membrane,H2,CO,C1,C2+,,Paper,,
Cu,nanoparticle,glassy carbon,a,-1.1,K+,0.1,HCO3-,0.1,glass frit,61.1,26.48,12.22,1.11,,Particle size effects in the catalytic electroreduction of CO2 on Cu nanoparticles,,
Cu,graphene-covered nanocrystal,-,a,-1.14,K+,0.1,HCO3-,0.1,proton exchange membrane,44.02173913,0.489130435,7.826086957,40.59782609,,Emergence of Potential-Controlled Cu-Nanocuboids and Graphene-Covered Cu-Nanocuboids under Operando CO2 Electroreduction,,
Cu,graphene-covered nanocrystal,-,a,-1.04,K+,0.1,HCO3-,0.1,proton exchange membrane,33.99456522,1.222826087,22.01086957,44.02173913,,,,
Cu,graphene-covered nanocrystal,-,a,-0.94,K+,0.1,HCO3-,0.1,proton exchange membrane,33.26086957,5.135869565,39.86413043,4.64673913,,,,
Cu,graphene-covered nanocrystal,-,a,-0.84,K+,0.1,HCO3-,0.1,proton exchange membrane,47.69021739,10.51630435,34.23913043,0,,,,
Cu,graphene-covered nanocrystal,-,a,-0.74,K+,0.1,HCO3-,0.1,proton exchange membrane,56.98369565,5.380434783,13.94021739,0,,,,
Cu,graphene-covered nanocrystal,-,a,-0.64,K+,0.1,HCO3-,0.1,proton exchange membrane,84.375,4.64673913,17.85326087,0,,,,
Cu,nanoparticle,glassy carbon,a,-1.1,K+,0.1,HCO3-,0.1,glass frit,68.15,12.04,15.74,4.44,,,,
Cu,nanoparticle,glassy carbon,a,-1.1,K+,0.1,HCO3-,0.1,glass frit,69.81,20.74,9.815,0.185,,,,
Cu,nanoparticle,carbon paper,a,-0.87,K+,0.1,HCO3-,0.1,anion exchange membrane,61.2,10.5,16.2,12.1,,Copper nanoparticle ensembles for selective electroreduction of CO2 to C2–C3 products,,
Cu,nanoparticle,carbon paper,a,-0.8,K+,0.1,HCO3-,0.1,anion exchange membrane,34.68,10.95,10.07,44.3,,Operando studies reveal active Cu nanograins for CO2 electroreduction,,
Cu,nanoparticle,glassy carbon,a,-0.95,Na+,0.1,HCO3-,0.1,ion exchange membrane,42.71047228,6.735112936,13.14168378,0,,Enhanced Electrochemical Methanation of Carbon Dioxide with a Dispersible Nanoscale Copper Catalyst,,
Cu,nanoparticle,glassy carbon,a,-1.05,Na+,0.1,HCO3-,0.1,ion exchange membrane,20.20533881,3.613963039,45.66735113,3.942505133,,,,
Cu,nanoparticle,glassy carbon,a,-1.15,Na+,0.1,HCO3-,0.1,ion exchange membrane,13.30595483,2.135523614,64.55852156,4.928131417,,,,
Cu,nanoparticle,glassy carbon,a,-1.25,Na+,0.1,HCO3-,0.1,ion exchange membrane,12.32032854,1.149897331,69.32238193,3.285420945,,,,
Cu,nanoparticle,glassy carbon,a,-1.35,Na+,0.1,HCO3-,0.1,ion exchange membrane,24.47638604,0.821355236,76.38603696,2.628336756,,,,
Cu,nanoparticle,glassy carbon,a,-1.45,Na+,0.1,HCO3-,0.1,ion exchange membrane,26.11909651,0.164271047,64.39425051,1.478439425,,,,
Cu,nanoparticle,glassy carbon,a,-1.1,K+,0.1,HCO3-,0.1,anion exchange membrane,25.2,2.1,38.3,27.4,,Tailoring Copper Nanocrystals towards C2 Products in Electrochemical CO2 Reduction,,
Cu2S,core–shell,glassy carbon,a,-0.85,K+,0.1,HCO3-,0.1,anion exchange membrane,15.8,16.5,66,0,,Steering post-C-C coupling selectivity enables high efficiency electroreduction of carbon dioxide to multi-carbon alcohols,,
Cu2S,core–shell,glassy carbon,a,-0.9,K+,0.1,HCO3-,0.1,anion exchange membrane,16.8,10.5,61.4,8.2,,,,
Cu2S,core–shell,glassy carbon,a,-0.95,K+,0.1,HCO3-,0.1,anion exchange membrane,13.8,3.5,31.1,50.8,,,,
Cu2S,core–shell,glassy carbon,a,-1,K+,0.1,HCO3-,0.1,anion exchange membrane,18.5,1.5,29.3,48.5,,,,
Cu2S,core–shell,glassy carbon,a,-1.05,K+,0.1,HCO3-,0.1,anion exchange membrane,29.8,0.5,19.8,42.4,,,,
Cu2S,core–shell,glassy carbon,a,-1.1,K+,0.1,HCO3-,0.1,anion exchange membrane,35.5,0,19.4,46.7,,,,
Cu2S,core–shell,glassy carbon,a,-1.15,K+,0.1,HCO3-,0.1,anion exchange membrane,41.8,0,6,37.3,,,,
Cu,nanoparticle,Vulcan Carbon,a,-2.2,K+,0.1,HCO3-,0.1,proton exchange membrane,9.770762871,3.006388576,45.09582864,35.13716648,,Effect of nanostructured carbon support on copper electrocatalytic activity toward CO2 electroreduction to hydrocarbon fuels,,
Cu,nanoparticle,Vulcan Carbon,a,-2,K+,0.1,HCO3-,0.1,proton exchange membrane,20.48102217,3.945885006,44.53213078,29.87598647,,,,
Cu,nanoparticle,Vulcan Carbon,a,-1.8,K+,0.1,HCO3-,0.1,proton exchange membrane,20.85682074,10.14656144,24.99060504,40.02254791,,,,
Cu,nanoparticle,Vulcan Carbon,a,-1.6,K+,0.1,HCO3-,0.1,proton exchange membrane,30.25178504,22.54791432,7.328072153,20.1052236,,,,
Cu,nanoparticle,Vulcan Carbon,a,-1.4,K+,0.1,HCO3-,0.1,proton exchange membrane,50.9207065,7.703870725,1.87899286,0.375798572,,,,
Cu,nanoparticle,carbon paper,a,-0.8,K+,0.1,HCO3-,0.1,anion exchange membrane,46.97,13.73,12.1,27.2,,,,
CuxO,nanocrystal,-,a,-0.72,K+,0.1,HCO3-,0.1,proton exchange membrane,73.97350993,5.321336761,0.461538462,2.081081081,,Investigating the Origin of Enhanced C2+ Selectivity in Oxide-/Hydroxide-Derived Copper Electrodes during CO2 Electroreduction,,
CuxO,nanocrystal,-,a,-0.87,K+,0.1,HCO3-,0.1,proton exchange membrane,35.23178808,7.866323907,0.461538462,30.45945946,,,,
CuxO,nanocrystal,-,a,-0.9,K+,0.1,HCO3-,0.1,proton exchange membrane,37.54966887,4.164524422,3.538461538,36.7027027,,,,
CuxO,nanocrystal,-,a,-1.1,K+,0.1,HCO3-,0.1,proton exchange membrane,28.11258278,0.879177378,4.769230769,60.54054054,,,,
CuxO,nanocrystal,-,a,-1.05,K+,0.1,HCO3-,0.1,proton exchange membrane,21.65562914,1.249357326,2.923076923,68.2972973,,,,
CuxO,nanocrystal,-,a,-1.09,K+,0.1,HCO3-,0.1,proton exchange membrane,30.92715232,0.925449871,5.230769231,66.97297297,,,,
CuxO,nanocrystal,-,a,-1.21,K+,0.1,HCO3-,0.1,proton exchange membrane,31.09271523,0.925449871,13.23076923,57.89189189,,,,
Cu(OH)2,needle,-,a,-0.72,K+,0.1,HCO3-,0.1,proton exchange membrane,55.92715232,8.329048843,0.615384615,4.72972973,,,,
Cu(OH)2,needle,-,a,-0.83,K+,0.1,HCO3-,0.1,proton exchange membrane,46.82119205,8.005141388,0.307692308,17.40540541,,,,
Cu(OH)2,needle,-,a,-0.93,K+,0.1,HCO3-,0.1,proton exchange membrane,36.05960265,4.395886889,0.461538462,42,,,,
Cu(OH)2,needle,-,a,-1,K+,0.1,HCO3-,0.1,proton exchange membrane,29.27152318,2.730077121,2.461538462,49,,,,
Cu(OH)2,needle,-,a,-1.03,K+,0.1,HCO3-,0.1,proton exchange membrane,27.1192053,1.434447301,1.538461538,62.43243243,,,,
Cu(OH)2,needle,-,a,-1.12,K+,0.1,HCO3-,0.1,proton exchange membrane,30.59602649,0.925449871,3.076923077,58.83783784,,,,
Cu(OH)2,needle,-,a,-1.17,K+,0.1,HCO3-,0.1,proton exchange membrane,27.1192053,1.017994859,2.307692308,62.43243243,,,,
CuxO,nanocrystal,glassy carbon,b,-0.851,K+,0.1,HCO3-,0.1,proton exchange membrane,45.8,9.2,20.66527,24.33473,,,,
CuxO,nanocrystal,glassy carbon,b,-0.957,K+,0.1,HCO3-,0.1,proton exchange membrane,36.14,4.02,12.45188,47.38812,,,,
CuxO,nanocrystal,glassy carbon,b,-1.051,K+,0.1,HCO3-,0.1,proton exchange membrane,23.29,2.41,6.14455,68.15545,,,,
CuxO,nanocrystal,glassy carbon,b,-1.162,K+,0.1,HCO3-,0.1,proton exchange membrane,0.257,27.043,4.05437,68.64563,,,,
CuxO,nanocrystal,glassy carbon,b,-1.245,K+,0.1,HCO3-,0.1,proton exchange membrane,34.54,1.6,3.9178,59.9422,,,,
Cu(OH)2,nanocrystal,glassy carbon,b,-0.821,K+,0.1,HCO3-,0.1,proton exchange membrane,18.8,28.4,27.64687,25.15313,,,,
Cu(OH)2,nanocrystal,glassy carbon,b,-0.918,K+,0.1,HCO3-,0.1,proton exchange membrane,15.6,20.8,20.25551,43.34449,,,,
Cu(OH)2,nanocrystal,glassy carbon,b,-0.968,K+,0.1,HCO3-,0.1,proton exchange membrane,16.4,16.8,16.83805,49.96195,,,,
Cu(OH)2,nanocrystal,glassy carbon,b,-1.084,K+,0.1,HCO3-,0.1,proton exchange membrane,10.8,6,11.31634,71.88366,,,,
Cu(OH)2,nanocrystal,glassy carbon,b,-1.224,K+,0.1,HCO3-,0.1,proton exchange membrane,20.4,4,7.73155,67.86845,,,,
Cu2(OH)2CO3,nanocrystal,glassy carbon,b,-0.846,K+,0.1,HCO3-,0.1,proton exchange membrane,24.4,19.6,26.265,29.74,,Structural evolution and strain generation of derived-Cu catalysts during CO2 electroreduction,,
Cu2(OH)2CO3,nanocrystal,glassy carbon,b,-0.926,K+,0.1,HCO3-,0.1,proton exchange membrane,16.8,9.2,16.7245,57.2755,,,,
Cu2(OH)2CO3,nanocrystal,glassy carbon,b,-0.98,K+,0.1,HCO3-,0.1,proton exchange membrane,15.2,6.8,15.7275,62.2725,,,,
Cu2(OH)2CO3,nanocrystal,glassy carbon,b,-1.05,K+,0.1,HCO3-,0.1,proton exchange membrane,13.6,4,9.573,72.827,,,,
Cu2(OH)2CO3,nanocrystal,glassy carbon,b,-1.106,K+,0.1,HCO3-,0.1,proton exchange membrane,10,2.4,17.2335,70.3665,,,,
Cu2(OH)2CO3,nanocrystal,glassy carbon,b,-1.172,K+,0.1,HCO3-,0.1,proton exchange membrane,12,2,19.4905,66.5095,,,,
Cu,nanoparticle,Vulcan XC-72R,b,-1.6,K+,0.1,HCO3-,0.1,proton exchange membrane,11.2195122,2.682926829,29.26829268,46.58536585,,CO2 electroreduction to hydrocarbons on carbon-supported Cu nanoparticles,,
Cu,nanoparticle,Vulcan XC-72R,b,-1.4,K+,0.1,HCO3-,0.1,proton exchange membrane,15.36585366,4.390243902,15.12195122,43.41463415,,,,
Cu,nanoparticle,Vulcan XC-72R,b,-1.2,K+,0.1,HCO3-,0.1,proton exchange membrane,20.97560976,10.24390244,15.85365854,34.63414634,,,,
Cu,nanoparticle,Vulcan XC-72R,b,-1,K+,0.1,HCO3-,0.1,proton exchange membrane,29.51219512,20.24390244,1.219512195,10.97560976,,,,
Cu,nanoparticle,Vulcan XC-72R,b,-0.8,K+,0.1,HCO3-,0.1,proton exchange membrane,51.95121951,16.09756098,0,0,,,,
Cu,nanoparticle,Vulcan XC-72R,b,-0.6,K+,0.1,HCO3-,0.1,proton exchange membrane,72.68292683,15.12195122,0.975609756,0,,,,
Cu,nanoparticle,reduced graphene oxide,b,-2.2,K+,0.1,HCO3-,0.1,proton exchange membrane,18.33333333,7.586206897,30.55555556,35.40229885,,,,
Cu,nanoparticle,reduced graphene oxide,b,-2,K+,0.1,HCO3-,0.1,proton exchange membrane,14.54022989,4.636015326,43.62068966,48.46743295,,,,
Cu,nanoparticle,reduced graphene oxide,b,-1.8,K+,0.1,HCO3-,0.1,proton exchange membrane,21.91570881,6.53256705,8.850574713,61.11111111,,,,
Cu,nanoparticle,reduced graphene oxide,b,-1.6,K+,0.1,HCO3-,0.1,proton exchange membrane,22.96934866,8.218390805,1.264367816,32.45210728,,,,
Cu,nanoparticle,reduced graphene oxide,b,-1.4,K+,0.1,HCO3-,0.1,proton exchange membrane,63.63984674,23.18007663,0,1.264367816,,,,
Cu,nanoparticle,glassy carbon,b,-1.1,K+,0.1,HCO3-,0.1,glass frit,64.26,20.56,6.852,8.333,,,,
Cu,nanoparticle,onion-like carbon,b,-2.2,K+,0.1,HCO3-,0.1,proton exchange membrane,83.74587459,12.9950495,8.45709571,1.443894389,,,,
Cu,nanoparticle,onion-like carbon,b,-2,K+,0.1,HCO3-,0.1,proton exchange membrane,73.01980198,4.331683168,9.282178218,4.125412541,,,,
Cu,nanoparticle,onion-like carbon,b,-1.8,K+,0.1,HCO3-,0.1,proton exchange membrane,35.27227723,18.97689769,19.8019802,27.02145215,,,,
Cu,nanoparticle,onion-like carbon,b,-1.6,K+,0.1,HCO3-,0.1,proton exchange membrane,32.38448845,22.0709571,1.650165017,14.23267327,,,,
Cu,nanoparticle,onion-like carbon,b,-1.4,K+,0.1,HCO3-,0.1,proton exchange membrane,59.61221122,14.23267327,0,0,,,,
Cu,nanoparticle,glassy carbon,b,-1.1,K+,0.1,HCO3-,0.1,glass frit,59.81,25.55,12.96,2.222,,,,
Cu,nanoparticle,carbon paper,b,-0.8,K+,0.1,HCO3-,0.1,anion exchange membrane,47.35,21.82,23.93,6.9,,,,
CuxO,nanocrystal,-,b,-1.13,K+,0.1,HCO3-,0.1,anion exchange membrane,90.83969466,0,0.890585242,8.905852417,,,,
CuxO,nanocrystal,-,b,-1.08,K+,0.1,HCO3-,0.1,anion exchange membrane,75.27671756,0,1.16889313,24.78053435,,,,
CuxO,nanocrystal,-,b,-1.03,K+,0.1,HCO3-,0.1,anion exchange membrane,53.16793893,0,1.335877863,44.94656489,,,,
CuxO,nanocrystal,-,b,-0.98,K+,0.1,HCO3-,0.1,anion exchange membrane,45.15267176,0,3.183842239,49.46819338,,,,
CuxO,nanocrystal,-,b,-0.93,K+,0.1,HCO3-,0.1,anion exchange membrane,42.12468193,1.959287532,15.18447837,38.94083969,,,,
CuxO,nanocrystal,-,b,-0.88,K+,0.1,HCO3-,0.1,anion exchange membrane,47.69083969,3.085877863,13.46564885,37.3110687,,,,
CuxO,nanocrystal,-,b,-0.83,K+,0.1,HCO3-,0.1,anion exchange membrane,53.25699746,4.920483461,12.73536896,27.49681934,,,,
CuxO,nanocrystal,-,b,-0.78,K+,0.1,HCO3-,0.1,anion exchange membrane,49.16030534,5.888994911,28.67684478,14.59446565,,,,
CuxO,nanocrystal,-,b,-0.68,K+,0.1,HCO3-,0.1,anion exchange membrane,51.65394402,11.88040712,25.82697201,10.07251908,,,,
CuxO,nanocrystal,-,b,-1.08,K+,0.1,HCO3-,0.1,anion exchange membrane,84.33476395,0,7.939914163,12.66094421,,,,
CuxO,nanocrystal,-,b,-1.03,K+,0.1,HCO3-,0.1,anion exchange membrane,46.56652361,0,2.145922747,50.40772532,,,,
CuxO,nanocrystal,-,b,-0.98,K+,0.1,HCO3-,0.1,anion exchange membrane,35.6223176,0.429184549,4.291845494,55.92274678,,,,
CuxO,nanocrystal,-,b,-0.93,K+,0.1,HCO3-,0.1,anion exchange membrane,33.9055794,1.502145923,7.725321888,53.91845494,,,,
CuxO,nanocrystal,-,b,-0.88,K+,0.1,HCO3-,0.1,anion exchange membrane,46.56652361,1.716738197,6.86695279,44.98283262,,,,
CuxO,nanocrystal,-,b,-0.78,K+,0.1,HCO3-,0.1,anion exchange membrane,45.27896996,9.227467811,21.45922747,20.45064378,,,,
CuxO,nanocrystal,-,b,-0.68,K+,0.1,HCO3-,0.1,anion exchange membrane,45.70815451,18.6695279,21.03004292,14.72103004,,,,
Cu,nanoparticle,single-wall carbon nanotubes,b,-1.6,K+,0.1,HCO3-,0.1,proton exchange membrane,15.85365854,2.682926829,32.68292683,43.17073171,,,,
Cu,nanoparticle,single-wall carbon nanotubes,b,-1.4,K+,0.1,HCO3-,0.1,proton exchange membrane,21.2195122,3.902439024,29.75609756,35.6097561,,,,
Cu,nanoparticle,single-wall carbon nanotubes,b,-1.2,K+,0.1,HCO3-,0.1,proton exchange membrane,22.43902439,7.804878049,16.58536585,35.85365854,,,,
Cu,nanoparticle,single-wall carbon nanotubes,b,-1,K+,0.1,HCO3-,0.1,proton exchange membrane,39.51219512,18.04878049,1.219512195,15.6097561,,,,
Cu,nanoparticle,single-wall carbon nanotubes,b,-0.8,K+,0.1,HCO3-,0.1,proton exchange membrane,43.65853659,15.6097561,0,0,,,,
Cu,nanoparticle,single-wall carbon nanotubes,b,-0.6,K+,0.1,HCO3-,0.1,proton exchange membrane,83.65853659,9.268292683,0,0,,,,
CuxO,nanocrystal,-,b,-1.08,K+,0.1,HCO3-,0.1,anion exchange membrane,86.31346578,0,0,9.050772627,,,,
CuxO,nanocrystal,-,b,-1.03,K+,0.1,HCO3-,0.1,anion exchange membrane,63.57615894,0,0.883002208,32.22958057,,,,
CuxO,nanocrystal,-,b,-0.98,K+,0.1,HCO3-,0.1,anion exchange membrane,53.200883,0.220750552,1.103752759,41.12582781,,,,
CuxO,nanocrystal,-,b,-0.93,K+,0.1,HCO3-,0.1,anion exchange membrane,39.73509934,0.883002208,6.622516556,53.09933775,,,,
CuxO,nanocrystal,-,b,-0.88,K+,0.1,HCO3-,0.1,anion exchange membrane,43.70860927,1.766004415,5.960264901,47.16335541,,,,
CuxO,nanocrystal,-,b,-0.83,K+,0.1,HCO3-,0.1,anion exchange membrane,53.200883,1.766004415,9.713024283,33.99558499,,,,
CuxO,nanocrystal,-,b,-0.78,K+,0.1,HCO3-,0.1,anion exchange membrane,50.77262693,4.194260486,17.21854305,23.3995585,,,,
CuxO,nanocrystal,-,b,-0.68,K+,0.1,HCO3-,0.1,anion exchange membrane,52.09713024,10.37527594,17.66004415,17.06401766,,,,
CuxO,nanocrystal,-,b,-1.08,K+,0.1,HCO3-,0.1,anion exchange membrane,105.7831325,0,0,1.927710843,,,,
CuxO,nanocrystal,-,b,-1.03,K+,0.1,HCO3-,0.1,anion exchange membrane,64.3373494,0.481927711,0.963855422,29.87951807,,,,
CuxO,nanocrystal,-,b,-0.98,K+,0.1,HCO3-,0.1,anion exchange membrane,62.40963855,0.481927711,3.373493976,34.93975904,,,,
CuxO,nanocrystal,-,b,-0.93,K+,0.1,HCO3-,0.1,anion exchange membrane,41.20481928,0.722891566,3.614457831,50.46987952,,,,
CuxO,nanocrystal,-,b,-0.88,K+,0.1,HCO3-,0.1,anion exchange membrane,50.84337349,0.963855422,12.04819277,34.45783133,,,,
CuxO,nanocrystal,-,b,-0.83,K+,0.1,HCO3-,0.1,anion exchange membrane,57.8313253,0.963855422,7.469879518,35.90361446,,,,
CuxO,nanocrystal,-,b,-0.78,K+,0.1,HCO3-,0.1,anion exchange membrane,61.92771084,2.409638554,9.156626506,30.60240964,,,,
CuxO,nanocrystal,-,b,-0.68,K+,0.1,HCO3-,0.1,anion exchange membrane,40.24096386,9.879518072,23.61445783,26.97590361,,,,
Cu,nanoparticle,Ketjen Black,b,-1.6,K+,0.1,HCO3-,0.1,proton exchange membrane,14.3902439,2.195121951,42.92682927,33.90243902,,,,
Cu,nanoparticle,Ketjen Black,b,-1.4,K+,0.1,HCO3-,0.1,proton exchange membrane,16.58536585,3.414634146,28.53658537,34.14634146,,,,
Cu,nanoparticle,Ketjen Black,b,-1.2,K+,0.1,HCO3-,0.1,proton exchange membrane,27.56097561,3.902439024,13.41463415,15.12195122,,,,
Cu,nanoparticle,Ketjen Black,b,-1,K+,0.1,HCO3-,0.1,proton exchange membrane,42.09756098,14.87804878,4.634146341,8.292682927,,,,
Cu,nanoparticle,Ketjen Black,b,-0.8,K+,0.1,HCO3-,0.1,proton exchange membrane,50.24390244,5.365853659,1.219512195,0.243902439,,,,
Cu,nanoparticle,Ketjen Black,b,-0.6,K+,0.1,HCO3-,0.1,proton exchange membrane,86.82926829,8.048780488,0,0,,,,
Cu,cube,glassy carbon,b,-1.1,K+,0.1,HCO3-,0.1,anion exchange membrane,54.7,3.3,35,9.8,,,,
Cu,nanowire,-,b,-0.195,K+,0.1,HCO3-,0.1,anion exchange membrane,63.57758621,29.5,7.19,1.71,,Highly Dense Cu Nanowires for Low-Overpotential CO 2 Reduction,,
Cu,nanowire,-,b,-0.295 ,K+,0.1,HCO3-,0.1,anion exchange membrane,54.74137931,61.19,8.79,0.7,,,,
Cu,nanowire,-,b,-0.395,K+,0.1,HCO3-,0.1,anion exchange membrane,55.60344828,61.78,7.5,0.62,,,,
Cu,nanowire,-,b,-0.495,K+,0.1,HCO3-,0.1,anion exchange membrane,54.74137931,53.25,25.43,2.84,,,,
Cu,nanowire,-,b,-0.595,K+,0.1,HCO3-,0.1,anion exchange membrane,38.36206897,15.99,30.72,8.47,,,,
Cu,nanowire,-,b,-0.695 ,K+,0.1,HCO3-,0.1,anion exchange membrane,17.24137931,4.97,18.05,24.95,,,,
Cu,nanowire,-,b,-0.795,K+,0.1,HCO3-,0.1,anion exchange membrane,23.49137931,2.49,9.6,26.55,,,,
Cu,nanowire,-,b,-0.895,K+,0.1,HCO3-,0.1,anion exchange membrane,27.80172414,0.9,3.6,22.97,,,,
Cu,nanowire,-,b,-0.995,K+,0.1,HCO3-,0.1,anion exchange membrane,38.57758621,0.58,1.37,16.24,,,,
Cu,nanoparticle,carbon paper,b,-0.49,Na+,0.95,ClO4-,0.95,proton exchange membrane,85.255,6.113333333,5.566666667,0.023333333,,Promoting Cu-catalysed CO2 electroreduction to multicarbon products by tuning the activity of H2O,,
Cu,nanoparticle,carbon paper,b,-0.58,Na+,0.95,ClO4-,0.95,proton exchange membrane,79.06333333,12.82,5.987666667,0.055,,,,
Cu,nanoparticle,carbon paper,b,-0.67,Na+,0.95,ClO4-,0.95,proton exchange membrane,67.59666667,23.03666667,7.922666667,0.177333333,,,,
Cu,nanoparticle,carbon paper,b,-0.75,Na+,0.95,ClO4-,0.95,proton exchange membrane,60.33372354,27.554,10.12333333,1.537,,,,
Cu,nanoparticle,carbon paper,b,-0.82,Na+,0.95,ClO4-,0.95,proton exchange membrane,34.94666667,35.39166667,18.24333333,9.513333333,,,,
Cu,nanoparticle,carbon paper,b,-0.88,Na+,0.95,ClO4-,0.95,proton exchange membrane,32.17733333,28.87166667,23.84033333,15.304,,,,
Cu,nanoparticle,carbon paper,b,-0.49,Na+,5.38,ClO4-,5.38,proton exchange membrane,76.24333333,11.03333333,11.81766667,0.373333333,,,,
Cu,nanoparticle,carbon paper,b,-0.58,Na+,5.38,ClO4-,5.38,proton exchange membrane,71.43333333,11.48766667,8.493333333,6.393333333,,,,
Cu,nanoparticle,carbon paper,b,-0.67,Na+,5.38,ClO4-,5.38,proton exchange membrane,52.34366667,18.42,14.28333333,5.683333333,,,,
Cu,nanoparticle,carbon paper,b,-0.75,Na+,5.38,ClO4-,5.38,proton exchange membrane,16.02,35.91333333,10.88,33.535,,,,
Cu,nanoparticle,carbon paper,b,-0.82,Na+,5.38,ClO4-,5.38,proton exchange membrane,8.606666667,16.47666667,7.183333333,65.93666667,,,,
Cu,nanoparticle,carbon paper,b,-0.88,Na+,5.38,ClO4-,5.38,proton exchange membrane,12.83,11.22333333,5.313333333,64.69,,,,
Cu,nanoparticle,carbon paper,b,-0.75,Na+,0.95,ClO4-,0.95,proton exchange membrane,60.33372354,27.554,10.12333333,1.537,,,,
Cu,nanoparticle,carbon paper,b,-0.75,Na+,2.55,ClO4-,2.55,proton exchange membrane,40.27,34.04,8.801,7.516666667,,,,
Cu,nanoparticle,carbon paper,b,-0.75,Na+,3.89,ClO4-,3.89,proton exchange membrane,22.53,33.09,10.29,28.47333333,,,,
Cu,nanoparticle,carbon paper,b,-0.75,Na+,5.38,ClO4-,5.38,proton exchange membrane,16.02,35.91333333,11.64,33.535,,,,
Cu,nanoparticle,carbon paper,b,-0.75,Na+,6.33,ClO4-,6.33,proton exchange membrane,24.955,23.13333333,8.365,35.84333333,,,,
Cu,nanoparticle,carbon paper,b,-0.75,Na+,7.12,ClO4-,7.12,proton exchange membrane,16,28.5,7.013333333,46.83,,,,
Cu,nanoparticle,carbon paper,b,-0.75,Na+,7.99,ClO4-,7.99,proton exchange membrane,19.01757426,24.9325,7.223333333,50.36,,,,
Cu,nanoparticle,carbon paper,b,-0.75,Na+,8.49,ClO4-,8.49,proton exchange membrane,10.12666667,18.685,9.266666667,57.40333333,,,,
Cu,nanowire,-,b,-0.195,K+,0.1,HCO3-,0.1,anion exchange membrane,63,30,7,0,,Mechanistic Insights for Low-Overpotential Electroreduction of CO2 to CO on Copper Nanowires,,
Cu,nanowire,-,b,-0.295,K+,0.1,HCO3-,0.1,anion exchange membrane,29,62,9,0,,,,
Cu,nanowire,-,b,-0.395,K+,0.1,HCO3-,0.1,anion exchange membrane,30,62,8,0,,,,
Cu,nanowire,-,b,-0.495,K+,0.1,HCO3-,0.1,anion exchange membrane,19,54,25,2,,,,
Cu,cube,carbon plate,b,-0.57,K+,0.1,HCO3-,0.1,anion exchange membrane,73.6,15.2,6.4,4.8,,,,
Cu,cube,carbon plate,b,-0.66,K+,0.1,HCO3-,0.1,anion exchange membrane,56.7,18.2,14.6,10.5,,,,
Cu,cube,carbon plate,b,-0.75,K+,0.1,HCO3-,0.1,anion exchange membrane,49.3,14.3,13.6,22.7,,,,
Cu,cube,carbon plate,b,-0.78,K+,0.1,HCO3-,0.1,anion exchange membrane,40.4,9.1,11.3,39.2,,,,
Cu,cube,carbon plate,b,-0.81,K+,0.1,HCO3-,0.1,anion exchange membrane,35.7,6.6,8.9,48.8,,,,
Cu,cube,carbon plate,b,-0.86,K+,0.1,HCO3-,0.1,anion exchange membrane,37.5,2,5.3,55.1,,,,
Cu,cube,carbon plate,b,-0.89,K+,0.1,HCO3-,0.1,anion exchange membrane,40.2,1,12,46.8,,,,
Cu,cube,carbon plate,b,-0.53,Cs+,0.1,HCO3-,0.1,anion exchange membrane,69.5,20.3,5.1,5,,,,
Cu,cube,carbon plate,b,-0.57,Cs+,0.1,HCO3-,0.1,anion exchange membrane,54.5,24.3,12.9,8.4,,,,
Cu,cube,carbon plate,b,-0.62,Cs+,0.1,HCO3-,0.1,anion exchange membrane,42.4,23.2,19.6,14.8,,,,
Cu,cube,carbon plate,b,-0.66,Cs+,0.1,HCO3-,0.1,anion exchange membrane,41,16.8,18.3,23.9,,,,
Cu,cube,carbon plate,b,-0.73,Cs+,0.1,HCO3-,0.1,anion exchange membrane,39.5,7.7,10.2,42.6,,,,
Cu,cube,carbon plate,b,-0.75,Cs+,0.1,HCO3-,0.1,anion exchange membrane,43,3,4.7,49.3,,,,
Cu,cube,carbon plate,b,-0.79,Cs+,0.1,HCO3-,0.1,anion exchange membrane,52.3,1.6,3.1,43,,,,
CuxO,nanocrystal,-,b,-1.13,K+,0.1,HCO3-,0.1,anion exchange membrane,94.06071271,0.131984162,0.131984162,1.40783106,,,,
CuxO,nanocrystal,-,b,-1.08,K+,0.1,HCO3-,0.1,anion exchange membrane,58.424989,0.131984162,0.791904971,31.54421469,,,,
CuxO,nanocrystal,-,b,-1.03,K+,0.1,HCO3-,0.1,anion exchange membrane,41.04707435,0.131984162,3.431588209,56.36339639,,,,
CuxO,nanocrystal,-,b,-0.98,K+,0.1,HCO3-,0.1,anion exchange membrane,36.64760229,0.791904971,4.751429828,57.00439947,,,,
CuxO,nanocrystal,-,b,-0.93,K+,0.1,HCO3-,0.1,anion exchange membrane,37.96744391,1.671799384,6.511218654,53.14342279,,,,
CuxO,nanocrystal,-,b,-0.88,K+,0.1,HCO3-,0.1,anion exchange membrane,46.32644083,3.211614606,15.53013638,33.90453146,,,,
CuxO,nanocrystal,-,b,-0.83,K+,0.1,HCO3-,0.1,anion exchange membrane,67.22393313,2.331720194,13.55037396,22.96524417,,,,
CuxO,nanocrystal,-,b,-0.78,K+,0.1,HCO3-,0.1,anion exchange membrane,54.90541135,6.95116586,21.90937088,16.80598328,,,,
CuxO,nanocrystal,-,b,-0.68,K+,0.1,HCO3-,0.1,anion exchange membrane,61.72459305,13.33040035,24.98900132,2.947646282,,,,
Cu,nanoparticle,Vulcan XC-72R,b,-1.6,K+,0.1,HCO3-,0.1,proton exchange membrane,18.04878049,0.975609756,34.3902439,37.07317073,,,,
Cu,nanoparticle,Vulcan XC-72R,b,-1.4,K+,0.1,HCO3-,0.1,proton exchange membrane,19.51219512,2.926829268,34.14634146,32.43902439,,,,
Cu,nanoparticle,Vulcan XC-72R,b,-1.2,K+,0.1,HCO3-,0.1,proton exchange membrane,25.85365854,6.829268293,22.92682927,25.12195122,,,,
Cu,nanoparticle,Vulcan XC-72R,b,-1,K+,0.1,HCO3-,0.1,proton exchange membrane,49.02439024,10.73170732,1.463414634,3.902439024,,,,
Cu,nanoparticle,Vulcan XC-72R,b,-0.8,K+,0.1,HCO3-,0.1,proton exchange membrane,60.24390244,3.902439024,0,0,,,,
Cu,nanoparticle,Vulcan XC-72R,b,-0.6,K+,0.1,HCO3-,0.1,proton exchange membrane,83.65853659,0,0,0,,,,
Cu,nanoparticle,glassy carbon,b,-1.1,K+,0.1,HCO3-,0.1,anion exchange membrane,47.6,3.1,34.4,15.5,,,,
CuxO,nanocrystal,-,b,-1.13,K+,0.1,HCO3-,0.1,anion exchange membrane,103.4482759,0,0,0,,,,
CuxO,nanocrystal,-,b,-1.08,K+,0.1,HCO3-,0.1,anion exchange membrane,82.97413793,0,1.077586207,15.34482759,,,,
CuxO,nanocrystal,-,b,-1.03,K+,0.1,HCO3-,0.1,anion exchange membrane,75.86206897,0,1.293103448,23.55172414,,,,
CuxO,nanocrystal,-,b,-0.98,K+,0.1,HCO3-,0.1,anion exchange membrane,52.15517241,0,4.094827586,44.28448276,,,,
CuxO,nanocrystal,-,b,-0.93,K+,0.1,HCO3-,0.1,anion exchange membrane,43.96551724,0,4.956896552,51.75,,,,
CuxO,nanocrystal,-,b,-0.88,K+,0.1,HCO3-,0.1,anion exchange membrane,37.28448276,1.077586207,3.879310345,57.86206897,,,,
CuxO,nanocrystal,-,b,-0.83,K+,0.1,HCO3-,0.1,anion exchange membrane,39.65517241,1.077586207,4.310344828,55.18103448,,,,
CuxO,nanocrystal,-,b,-0.78,K+,0.1,HCO3-,0.1,anion exchange membrane,53.01724138,5.387931034,14.87068966,27.15517241,,,,
CuxO,nanocrystal,-,b,-0.68,K+,0.1,HCO3-,0.1,anion exchange membrane,39.65517241,12.06896552,26.07758621,21.71551724,,,,
Cu ,nanowire,glassy carbon,b,-0.808,K+,0.1,HCO3-,0.1,proton exchange membrane,37.75,9.24,51.40562249,1.60437751,,,,
Cu ,nanowire,glassy carbon,b,-0.958,K+,0.1,HCO3-,0.1,proton exchange membrane,25.3,7.6,32.12851406,34.97148594,,,,
Cu ,nanowire,glassy carbon,b,-1.029,K+,0.1,HCO3-,0.1,proton exchange membrane,23.86,4.65,26.10441767,45.38558233,,,,
Cu ,nanowire,glassy carbon,b,-1.06,K+,0.1,HCO3-,0.1,proton exchange membrane,22.09,3.61,26.5060241,47.7939759,,,,
Cu ,nanowire,glassy carbon,b,-1.101,K+,0.1,HCO3-,0.1,proton exchange membrane,39.36,4.42,38.15261044,18.06738956,,,,
CuxO,nanocrystal,-,b,-1.13,K+,0.1,HCO3-,0.1,anion exchange membrane,99.66072943,0,0.212044105,0,,Mechanistic insights into the selective electroreduction of carbon dioxide to ethylene on CuxO-derived copper catalysts,,
CuxO,nanocrystal,-,b,-1.08,K+,0.1,HCO3-,0.1,anion exchange membrane,78.45631891,0,2.120441052,16.75148431,,,,
CuxO,nanocrystal,-,b,-1.03,K+,0.1,HCO3-,0.1,anion exchange membrane,59.37234945,0,3.180661578,33.47413062,,,,
CuxO,nanocrystal,-,b,-0.98,K+,0.1,HCO3-,0.1,anion exchange membrane,34.56318914,0.636132316,7.209499576,56.59202714,,,,
CuxO,nanocrystal,-,b,-0.93,K+,0.1,HCO3-,0.1,anion exchange membrane,49.40627651,1.272264631,10.60220526,36.47158609,,,,
CuxO,nanocrystal,-,b,-0.88,K+,0.1,HCO3-,0.1,anion exchange membrane,46.64970314,2.120441052,25.23324852,24.17302799,,,,
CuxO,nanocrystal,-,b,-0.83,K+,0.1,HCO3-,0.1,anion exchange membrane,51.73876166,2.756573367,12.72264631,32.8668363,,,,
CuxO,nanocrystal,-,b,-0.78,K+,0.1,HCO3-,0.1,anion exchange membrane,43.25699746,7.633587786,32.6547922,11.02629347,,,,
CuxO,nanocrystal,-,b,-0.68,K+,0.1,HCO3-,0.1,anion exchange membrane,64.03731976,12.72264631,32.44274809,6.997455471,,,,
Cu,nanowire,-,c,-0.495,K+,0.1,HCO3-,0.1,anion exchange membrane,70.89715536,12.5,9.367088608,0.2,,,,
Cu,nanowire,-,c,-0.395,K+,0.1,HCO3-,0.1,anion exchange membrane,76.1487965,9.913793103,6.139240506,0,,,,
Cu,nanowire,-,c,-0.295,K+,0.1,HCO3-,0.1,anion exchange membrane,67.61487965,7.974137931,3.670886076,0,,,,
Cu,nanowire,-,c,-0.195,K+,0.1,HCO3-,0.1,anion exchange membrane,66.30196937,4.956896552,7.151898734,0,,,,
CuxO,nanocrystal,-,c,-1.08,K+,0.1,HCO3-,0.1,anion exchange membrane,93.99141631,0,0.429184549,7.510729614,,,,
CuxO,nanocrystal,-,c,-1.03,K+,0.1,HCO3-,0.1,anion exchange membrane,77.25321888,0.214592275,0.429184549,17.8111588,,,,
CuxO,nanocrystal,-,c,-0.98,K+,0.1,HCO3-,0.1,anion exchange membrane,59.65665236,0.429184549,1.287553648,37.25321888,,,,
CuxO,nanocrystal,-,c,-0.93,K+,0.1,HCO3-,0.1,anion exchange membrane,54.93562232,1.287553648,2.575107296,39.39914163,,,,
CuxO,nanocrystal,-,c,-0.88,K+,0.1,HCO3-,0.1,anion exchange membrane,46.99570815,1.072961373,5.364806867,42.91845494,,,,
CuxO,nanocrystal,-,c,-0.83,K+,0.1,HCO3-,0.1,anion exchange membrane,46.78111588,1.716738197,9.442060086,39.91416309,,,,
CuxO,nanocrystal,-,c,-0.78,K+,0.1,HCO3-,0.1,anion exchange membrane,52.14592275,2.789699571,14.16309013,26.60944206,,,,
CuxO,nanocrystal,-,c,-0.68,K+,0.1,HCO3-,0.1,anion exchange membrane,47.4248927,7.510729614,24.67811159,18.87553648,,,,
Cu,foam,-,c,-1,K+,0.5,HCO3-,0.5,proton exchange membrane,35.89108911,4.702970297,3.712871287,41.58415842,,Morphology Matters: Tuning the Product Distribution of CO2 Electroreduction on Oxide-Derived Cu Foam Catalysts,,
Cu,foam,-,c,-0.9,K+,0.5,HCO3-,0.5,proton exchange membrane,27.72277228,8.663366337,5.693069307,47.52475248,,,,
Cu,foam,-,c,-0.8,K+,0.5,HCO3-,0.5,proton exchange membrane,14.85148515,15.0990099,6.188118812,53.96039604,,,,
Cu,foam,-,c,-0.7,K+,0.5,HCO3-,0.5,proton exchange membrane,12.12871287,24.00990099,4.702970297,50.74257426,,,,
Cu,foam,-,c,-0.6,K+,0.5,HCO3-,0.5,proton exchange membrane,20.79207921,34.65346535,5.940594059,29.7029703,,,,
Cu,foam,-,c,-0.5,K+,0.5,HCO3-,0.5,proton exchange membrane,35.89108911,40.0990099,1.98019802,10.64356436,,,,
Cu,foam,-,c,-0.4,K+,0.5,HCO3-,0.5,proton exchange membrane,49.00990099,38.11881188,0.841584158,3.712871287,,,,
Cu,nanowire,-,c,-0.495,K+,0.1,HCO3-,0.1,anion exchange membrane,77.02407002,21.76724138,16.39240506,0.45,,,,
Cu,nanowire,-,c,-0.395,K+,0.1,HCO3-,0.1,anion exchange membrane,68.05251641,24.78448276,9.113924051,0,,,,
Cu,nanowire,-,c,-0.295,K+,0.1,HCO3-,0.1,anion exchange membrane,66.52078775,23.70689655,4.113924051,0,,,,
Cu,nanowire,-,c,-0.195,K+,0.1,HCO3-,0.1,anion exchange membrane,89.49671772,17.45689655,1.898734177,0,,,,
CuxO,nanocrystal,-,c,-1.08,K+,0.1,HCO3-,0.1,anion exchange membrane,96.17117117,0,0,2.702702703,,,,
CuxO,nanocrystal,-,c,-1.03,K+,0.1,HCO3-,0.1,anion exchange membrane,56.08108108,0,0.675675676,43.45945946,,,,
CuxO,nanocrystal,-,c,-0.98,K+,0.1,HCO3-,0.1,anion exchange membrane,46.3963964,0.225225225,2.252252252,51.03603604,,,,
CuxO,nanocrystal,-,c,-0.93,K+,0.1,HCO3-,0.1,anion exchange membrane,36.48648649,1.351351351,3.828828829,54.66666667,,,,
CuxO,nanocrystal,-,c,-0.88,K+,0.1,HCO3-,0.1,anion exchange membrane,53.6036036,0.900900901,6.081081081,37.65765766,,,,
CuxO,nanocrystal,-,c,-0.83,K+,0.1,HCO3-,0.1,anion exchange membrane,61.48648649,1.126126126,6.081081081,34.23423423,,,,
CuxO,nanocrystal,-,c,-0.78,K+,0.1,HCO3-,0.1,anion exchange membrane,57.20720721,2.702702703,9.234234234,31.52252252,,,,
CuxO,nanocrystal,-,c,-0.68,K+,0.1,HCO3-,0.1,anion exchange membrane,54.05405405,2.702702703,12.16216216,30.47747748,,,,
CuxO,nanocrystal,-,c,-1.08,K+,0.1,HCO3-,0.1,anion exchange membrane,96.7611336,0,0,2.226720648,,,,
CuxO,nanocrystal,-,c,-1.03,K+,0.1,HCO3-,0.1,anion exchange membrane,81.37651822,0,0.4048583,15.36032389,,,,
CuxO,nanocrystal,-,c,-0.98,K+,0.1,HCO3-,0.1,anion exchange membrane,89.06882591,0,0.809716599,9.311740891,,,,
CuxO,nanocrystal,-,c,-0.93,K+,0.1,HCO3-,0.1,anion exchange membrane,72.67206478,0,1.214574899,18.82591093,,,,
CuxO,nanocrystal,-,c,-0.88,K+,0.1,HCO3-,0.1,anion exchange membrane,69.23076923,0,1.619433198,18.62348178,,,,
CuxO,nanocrystal,-,c,-0.83,K+,0.1,HCO3-,0.1,anion exchange membrane,56.07287449,0.931174089,1.821862348,39.40080972,,,,
CuxO,nanocrystal,-,c,-0.78,K+,0.1,HCO3-,0.1,anion exchange membrane,56.88259109,2.024291498,15.58704453,27.73279352,,,,
CuxO,nanocrystal,-,c,-0.68,K+,0.1,HCO3-,0.1,anion exchange membrane,54.048583,5.263157895,19.43319838,17.58704453,,,,
Cu,cube,glassy carbon,c,-1.1,K+,0.1,HCO3-,0.1,anion exchange membrane,20.5,2.1,28.7,46.4,,,,
Cu,nanowire,-,c,-0.495,K+,0.1,HCO3-,0.1,anion exchange membrane,87.30853392,6.034482759,3.291139241,0,,,,
Cu,nanowire,-,c,-0.395,K+,0.1,HCO3-,0.1,anion exchange membrane,74.83588621,3.663793103,1.64556962,0,,,,
Cu,nanowire,-,c,-0.295,K+,0.1,HCO3-,0.1,anion exchange membrane,76.80525164,2.586206897,0.632911392,0,,,,
Cu,nanowire,-,c,-0.195,K+,0.1,HCO3-,0.1,anion exchange membrane,73.96061269,2.586206897,0,0,,,,
Cu,nanoparticle,-,c,-1,K+,0.1,HCO3-,0.1,Anion exchange membrane,20.088,15.066,46.079,18.767,,Steering surface reconstruction of copper with electrolyte additives for CO2 electroreduction,,
CuxO,dendritic,-,c,-0.4,K+,0.5,HCO3-,0.5,proton exchange membrane,10.5,2.3,39.6,47.6,,Carbon dioxide electroreduction to C2 products over copper-cuprous oxide derived from electrosynthesized copper complex,,
CuxO,dendritic,-,c,-0.4,K+,0.1,Cl-,0.1,proton exchange membrane,6.8,1.5,9.6,80.7,,Accelerating CO2 Electroreduction to Multicarbon Products via Synergistic Electric-Thermal Field on Copper Nanoneedles,,
Cu,nanowire,-,c,-0.495,K+,0.1,HCO3-,0.1,anion exchange membrane,87.30853392,3.017241379,7.151898734,0,,,,
Cu,nanowire,-,c,-0.395,K+,0.1,HCO3-,0.1,anion exchange membrane,85.33916849,2.370689655,6.518987342,0,,,,
Cu,nanowire,-,c,-0.295,K+,0.1,HCO3-,0.1,anion exchange membrane,97.37417943,1.077586207,4.683544304,0,,,,
Cu,cube,glassy carbon,c,-1.1,K+,0.1,HCO3-,0.1,anion exchange membrane,32.3,1.2,27.8,32.3,,,,
Cu,nanoparticle ,carbon paper,c,-0.69,K+,0.1,HCO3-,0.1,ion exchange membrane,62.83559,15.42746,13.1083,0.70813,,,,
Cu,nanoparticle ,carbon paper,c,-0.81,K+,0.1,HCO3-,0.1,ion exchange membrane,32.51599,22.9224,19.57599,22.97109,,,,
Cu,nanoparticle ,carbon paper,c,-0.94,K+,0.1,HCO3-,0.1,ion exchange membrane,33.89732,9.59037,12.59426,38.11154,,,,
Cu,nanoparticle ,carbon paper,c,-1.04,K+,0.1,HCO3-,0.1,ion exchange membrane,39.23169,1.89921,8.96719,43.15988,,,,
Cu,nanoparticle ,carbon paper,c,-1.12,K+,0.1,HCO3-,0.1,ion exchange membrane,68.21901,0.44043,0.65844,27.74754,,,,
Cu,nanowire,-,c,-0.195,K+,0.1,HCO3-,0.1,anion exchange membrane,93.40909091,2.954545455,7.727272727,10.45454545,,,,
Cu,nanowire,-,c,-0.295 ,K+,0.1,HCO3-,0.1,anion exchange membrane,80.68181818,2.954545455,13.18181818,9.090909091,,,,
Cu,nanowire,-,c,-0.395,K+,0.1,HCO3-,0.1,anion exchange membrane,80.45454545,2.045454545,17.27272727,6.590909091,,,,
Cu,nanowire,-,c,-0.495,K+,0.1,HCO3-,0.1,anion exchange membrane,77.72727273,2.954545455,13.63636364,5,,,,
Cu,nanowire,-,c,-0.595,K+,0.1,HCO3-,0.1,anion exchange membrane,64.54545455,6.136363636,20.68181818,3.409090909,,,,
Cu,nanowire,-,c,-0.695 ,K+,0.1,HCO3-,0.1,anion exchange membrane,89.09090909,3.181818182,2.272727273,0,,,,
Cu,nanowire,-,c,-0.795,K+,0.1,HCO3-,0.1,anion exchange membrane,98.18181818,2.5,2.727272727,0.227272727,,,,
Cu,nanowire,-,c,-0.895,K+,0.1,HCO3-,0.1,anion exchange membrane,88.86363636,0,0.454545455,0.909090909,,,,
Cu,nanowire,-,c,-0.995,K+,0.1,HCO3-,0.1,anion exchange membrane,93.40909091,0.909090909,0.454545455,1.818181818,,,,
Cu,nanoparticle,-,c,-1.1,K+,0.1,ClO4-,0.1,proton exchange membrane,29.06197655,33.7520938,1.005025126,36.09715243,,The importance of surface morphology in controlling the selectivity of polycrystalline copper for CO2 electroreduction,,
Cu,nano-octahedra,glassy carbon,c,-1.15,K+,0.1,HCO3-,0.1,anion exchange membrane,37.84886416,15.29902643,36.85674548,9.040333797,,Size dependent selectivity of Cu nano-octahedra catalysts for the electrochemical reduction of CO2 to CH4,,
Cu,nano-octahedra,glassy carbon,c,-1.25,K+,0.1,HCO3-,0.1,anion exchange membrane,26.72229949,1.159017153,57.95085767,12.28558183,,,,
Cu,nano-octahedra,glassy carbon,c,-1.35,K+,0.1,HCO3-,0.1,anion exchange membrane,41.55771905,1.159017153,44.73806212,4.404265183,,,,
CuxO,nanoparticle,-,c,-0.64,K+,0.5,HCO3-,0.5,ion exchange membrane,64.1,4.5,27.1,0,,Electroreduction of CO2 to Formate on a Copper-Based Electrocatalyst at High Pressures with High Energy Conversion Efficiency,,
CuxO,nanoparticle,-,c,-0.84,K+,0.5,HCO3-,0.5,ion exchange membrane,65.5,3.5,19.4,5.2,,,,
CuxO,nanoparticle,-,c,-1.04,K+,0.5,HCO3-,0.5,ion exchange membrane,68.9,2,25,6.9,,,,
CuxO,nanoparticle,-,c,-1.24,K+,0.5,HCO3-,0.5,ion exchange membrane,77.8,0.3,17.1,5.7,,,,
CuxO,nanoparticle,carbon paper,c,-0.229 ,K+,0.5,HCO3-,0.5,cation exchange membrane,0,0.209643606,0.628930818,0,,Insights into an autonomously formed oxygen-evacuated Cu2O electrode for the selective production of C2H4 from CO2,,
CuxO,nanoparticle,carbon paper,c,-0.330 ,K+,0.5,HCO3-,0.5,cation exchange membrane,15.30398323,5.241090147,5.241090147,0,,,,
CuxO,nanoparticle,carbon paper,c,-0.428 ,K+,0.5,HCO3-,0.5,cation exchange membrane,35.01048218,5.241090147,5.241090147,0.838574423,,,,
CuxO,nanoparticle,carbon paper,c,-0.528 ,K+,0.5,HCO3-,0.5,cation exchange membrane,33.12368973,10.6918239,10.90146751,1.467505241,,,,
CuxO,nanoparticle,carbon paper,c,-0.629 ,K+,0.5,HCO3-,0.5,cation exchange membrane,33.96226415,15.72327044,15.72327044,5.031446541,,,,
CuxO,nanoparticle,carbon paper,c,-0.727 ,K+,0.5,HCO3-,0.5,cation exchange membrane,45.91194969,21.17400419,21.5932914,7.1278826,,,,
CuxO,nanoparticle,carbon paper,c,-0.828 ,K+,0.5,HCO3-,0.5,cation exchange membrane,49.8951782,12.78825996,12.99790356,10.48218029,,,,
CuxO,nanoparticle,carbon paper,c,-0.928 ,K+,0.5,HCO3-,0.5,cation exchange membrane,58.90985325,10.06289308,10.6918239,15.30398323,,,,
CuxO,nanoparticle,carbon paper,c,-1.026 ,K+,0.5,HCO3-,0.5,cation exchange membrane,59.11949686,6.07966457,6.498951782,23.48008386,,,,
CuxO,nanoparticle,carbon paper,c,-1.127 ,K+,0.5,HCO3-,0.5,cation exchange membrane,60.7966457,5.241090147,5.870020964,25.57651992,,,,
CuxO,nanoparticle,carbon paper,c,-1.230 ,K+,0.5,HCO3-,0.5,cation exchange membrane,55.55555556,4.402515723,7.547169811,24.31865828,,,,
CuxO,nanoparticle,carbon paper,c,-1.328 ,K+,0.5,HCO3-,0.5,cation exchange membrane,60.16771488,1.886792453,4.612159329,23.89937107,,,,
CuxO,nanoparticle,carbon paper,c,-1.426 ,K+,0.5,HCO3-,0.5,cation exchange membrane,51.57232704,1.257861635,12.15932914,22.43186583,,,,
CuxO,nanoparticle,carbon paper,c,-1.529 ,K+,0.5,HCO3-,0.5,cation exchange membrane,55.55555556,1.048218029,6.07966457,21.17400419,,,,
CuxO,nanoparticle,carbon paper,c,-1.627 ,K+,0.5,HCO3-,0.5,cation exchange membrane,55.55555556,0,4.402515723,20.54507338,,,,
CuxO,nanoparticle,carbon paper,c,-1.725 ,K+,0.5,HCO3-,0.5,cation exchange membrane,61.42557652,0,4.192872117,19.91614256,,,,
CuxO,cube,carbon paper,c,-0.63,K+,0.1,HCO3-,0.1,ion exchange membrane,38.50596,13.3688,15.16696,36.82985,,Exploring the influence of cell configurations on Cu catalyst reconstruction during CO2 electroreduction,,
CuxO,cube,carbon paper,c,-0.78,K+,0.1,HCO3-,0.1,ion exchange membrane,40.4613,4.59396,37.90443,34.59035,,,,
CuxO,cube,carbon paper,c,-0.92,K+,0.1,HCO3-,0.1,ion exchange membrane,44.63691,3.13235,19.05228,37.10567,,,,
CuxO,cube,carbon paper,c,-1.01,K+,0.1,HCO3-,0.1,ion exchange membrane,44.01741,2.89283,7.97357,43.67892,,,,
CuxO,cube,carbon paper,c,-1.1,K+,0.1,HCO3-,0.1,ion exchange membrane,61.91701,0.395,0.70387,34.10788,,,,
CuxO,nanoparticle ,carbon paper,c,-0.67,K+,0.1,HCO3-,0.1,ion exchange membrane,61.2035,21.75509,12.77842,1.17412,,,,
CuxO,nanoparticle ,carbon paper,c,-0.77,K+,0.1,HCO3-,0.1,ion exchange membrane,36.69624,9.21004,5.87576,41.16742,,,,
CuxO,nanoparticle ,carbon paper,c,-0.89,K+,0.1,HCO3-,0.1,ion exchange membrane,34.27906,8.31773,8.93614,44.39463,,,,
CuxO,nanoparticle ,carbon paper,c,-1.01,K+,0.1,HCO3-,0.1,ion exchange membrane,55.9402,1.51226,0.49901,40.84411,,,,
CuxO,nanoparticle ,carbon paper,c,-1.09,K+,0.1,HCO3-,0.1,ion exchange membrane,74.0652,0.63784,0,26.35527,,,,
Cu2(OH)2CO3,nanoparticle,carbon paper,c,-0.777,K+,1,OH-,1,anion exchange membrane,13.52542373,34.64373464,5.962325962,56.46226415,,Copper Electrocatalyst Produced by Cu2(OH)2CO3-Mediated In Situ Deposition for Diluted CO2 Reduction to Multicarbon Products,,
Cu2(OH)2CO3,nanoparticle,carbon paper,c,-0.977,K+,1,OH-,1,anion exchange membrane,12.44067797,25.55282555,5.356265356,60.09433962,,,,
Cu2(OH)2CO3,nanoparticle,carbon paper,c,-1.177,K+,1,OH-,1,anion exchange membrane,12.16949153,20.63882064,5.118755119,58.77358491,,,,
Cu2(OH)2CO3,nanoparticle,carbon paper,c,-1.377,K+,1,OH-,1,anion exchange membrane,12.16949153,19.16461916,3.108108108,60.4245283,,,,
Cu2(OH)2CO3,nanoparticle,carbon paper,c,-1.577,K+,1,OH-,1,anion exchange membrane,12.44067797,16.21621622,3.329238329,62.0754717,,,,
CuxO,sheet,-,c,-0.6,K+,0.1,HCO3-,0.1,proton exchange membrane,36.15702479,10.74380165,29.75206612,23.3481153,,A strategy to control the grain boundary density and Cu+/Cu0 ratio of Cu-based catalysts for efficient electroreduction of CO2 to C2 products,,
CuxO,sheet,-,c,-0.7,K+,0.1,HCO3-,0.1,proton exchange membrane,30.78512397,8.47107438,28.51239669,32.02882483,,,,
CuxO,sheet,-,c,-0.8,K+,0.1,HCO3-,0.1,proton exchange membrane,24.38016529,5.991735537,25.20661157,44.1518847,,,,
CuxO,sheet,-,c,-0.9,K+,0.1,HCO3-,0.1,proton exchange membrane,15.70247934,4.752066116,14.87603306,64.50665188,,,,
CuxO,sheet,-,c,-1,K+,0.1,HCO3-,0.1,proton exchange membrane,27.27272727,4.132231405,16.94214876,51.63525499,,,,
CuxO,sheet,-,c,-1.1,K+,0.1,HCO3-,0.1,proton exchange membrane,41.94214876,2.892561983,14.87603306,39.96119734,,,,
CuxO,sheet,-,c,-1.2,K+,0.1,HCO3-,0.1,proton exchange membrane,54.33884298,1.446280992,11.98347107,31.87915743,,,,
CuxO,cube,carbon paper,d,-0.45,K+,0.5,HCO3-,0.5,anion exchange membrane,36.6652117,24.00698385,7.420340463,26.40768223,,Selective Increase in CO2 Electroreduction to Ethanol Activity at Nanograin-Boundary-Rich Mixed Cu(I)/Cu(0) Sites via Enriching Co-Adsorbed CO and Hydroxyl Species,,
CuxO,cube,carbon paper,d,-0.55,K+,0.5,HCO3-,0.5,anion exchange membrane,27.06241816,22.4792667,9.384548232,36.6652117,,,,
CuxO,cube,carbon paper,d,-0.65,K+,0.5,HCO3-,0.5,anion exchange membrane,23.78873854,14.84068093,10.03928416,48.88694893,,,,
CuxO,cube,carbon paper,d,-0.75,K+,0.5,HCO3-,0.5,anion exchange membrane,20.29681362,10.03928416,7.202095155,61.76342209,,,,
CuxO,cube,carbon paper,d,-0.85,K+,0.5,HCO3-,0.5,anion exchange membrane,23.78873854,8.293321694,6.983849847,58.48974247,,,,
CuxO,cube,carbon paper,d,-0.95,K+,0.5,HCO3-,0.5,anion exchange membrane,30.55434308,7.202095155,5.674378001,54.77957224,,,,
CuxO,cube,carbon paper,d,-1.05,K+,0.5,HCO3-,0.5,anion exchange membrane,38.19292885,5.892623309,5.892623309,49.10519424,,,,
CuxO,cube,carbon paper,d,-1.15,K+,0.5,HCO3-,0.5,anion exchange membrane,45.39502401,5.674378001,4.80139677,43.21257093,,,,
CuxO,cube,carbon paper,d,-1.25,K+,0.5,HCO3-,0.5,anion exchange membrane,51.72413793,4.583151462,2.837189,39.06591008,,,,
Cu,nano-octahedra,glassy carbon,d,-1.15,K+,0.1,HCO3-,0.1,anion exchange membrane,71.69216504,7.185906351,17.15345387,1.390820584,,,,
Cu,nano-octahedra,glassy carbon,d,-1.25,K+,0.1,HCO3-,0.1,anion exchange membrane,39.47148818,3.708854891,44.73806212,7.185906351,,,,
Cu,nano-octahedra,glassy carbon,d,-1.35,K+,0.1,HCO3-,0.1,anion exchange membrane,60.56560037,3.24524803,28.04821511,1.622624015,,,,
Cu,needle,-,d,-1.1,K+,0.1,HCO3-,0.1,proton exchange membrane,26.8,5.3,10.9,57,,,,
Cu,needle,-,d,-1.2,K+,0.1,HCO3-,0.1,proton exchange membrane,29.7,4.9,11.1,54.3,,,,
Cu,needle,-,d,-1.3,K+,0.1,HCO3-,0.1,proton exchange membrane,31.4,4.3,12.2,52.2,,,,
Cu,needle,-,d,-1.4,K+,0.1,HCO3-,0.1,proton exchange membrane,36.3,3.8,12,48,,,,
Cu,needle,-,d,-1.5,K+,0.1,HCO3-,0.1,proton exchange membrane,42.3,3.8,10.8,43.1,,,,
Cu,needle,-,d,-1.6,K+,0.1,HCO3-,0.1,proton exchange membrane,45.5,3.8,10.4,40.3,,,,
Cu,needle,-,d,-1.7,K+,0.1,HCO3-,0.1,proton exchange membrane,47,3.6,10,39.1,,,,
Cu,nanoparticle,carbon paper,d,-0.428 ,K+,0.5,HCO3-,0.5,cation exchange membrane,88.84892086,1.438848921,4.316546763,0,,,,
Cu,nanoparticle,carbon paper,d,-0.528 ,K+,0.5,HCO3-,0.5,cation exchange membrane,84.5323741,3.237410072,6.834532374,0,,,,
Cu,nanoparticle,carbon paper,d,-0.629 ,K+,0.5,HCO3-,0.5,cation exchange membrane,68.52517986,4.856115108,26.79856115,0.35971223,,,,
Cu,nanoparticle,carbon paper,d,-0.727 ,K+,0.5,HCO3-,0.5,cation exchange membrane,67.26618705,7.374100719,26.43884892,0.899280576,,,,
Cu,nanoparticle,carbon paper,d,-0.828 ,K+,0.5,HCO3-,0.5,cation exchange membrane,48.02158273,10.97122302,32.01438849,4.676258993,,,,
Cu,nanoparticle,carbon paper,d,-0.928 ,K+,0.5,HCO3-,0.5,cation exchange membrane,45.86330935,6.115107914,39.92805755,5.035971223,,,,
Cu,nanoparticle,carbon paper,d,-1.026 ,K+,0.5,HCO3-,0.5,cation exchange membrane,42.44604317,2.877697842,43.52517986,7.014388489,,,,
Cu,nanoparticle,carbon paper,d,-1.127 ,K+,0.5,HCO3-,0.5,cation exchange membrane,35.97122302,2.158273381,53.23741007,6.294964029,,,,
Cu,nanoparticle,carbon paper,d,-1.230 ,K+,0.5,HCO3-,0.5,cation exchange membrane,31.65467626,1.438848921,55.57553957,6.474820144,,,,
Cu,nanoparticle,carbon paper,d,-1.328 ,K+,0.5,HCO3-,0.5,cation exchange membrane,33.63309353,0,57.73381295,9.712230216,,,,
Cu,nanoparticle,carbon paper,d,-1.426 ,K+,0.5,HCO3-,0.5,cation exchange membrane,39.20863309,0,55.03597122,5.755395683,,,,
Cu,nanoparticle,carbon paper,d,-1.529 ,K+,0.5,HCO3-,0.5,cation exchange membrane,25.89928058,0,63.1294964,5.755395683,,,,
Cu,nanoparticle,carbon paper,d,-1.627 ,K+,0.5,HCO3-,0.5,cation exchange membrane,58.99280576,0,38.66906475,3.237410072,,,,
Cu,nanoparticle,carbon paper,d,-1.725 ,K+,0.5,HCO3-,0.5,cation exchange membrane,61.8705036,0,27.87769784,5.215827338,,,,
Cu,cube,carbon paper,e,-1.12,K+,0.1,HCO3-,0.1,anion exchange membrane,35.35211268,0.845070423,54.92957746,8.309859155,,"Dynamic Changes in the Structure, Chemical State and Catalytic Selectivity of Cu Nanocubes during CO2 Electroreduction: Size and Support Effects",,
Cu,cube,carbon paper,e,-1.05,K+,0.1,HCO3-,0.1,anion exchange membrane,28.45070423,3.098591549,42.11267606,25.77464789,,,,
Cu,cube,carbon paper,e,-0.98,K+,0.1,HCO3-,0.1,anion exchange membrane,10.14084507,23.8028169,43.52112676,22.95774648,,,,
Cu,cube,carbon paper,e,-0.88,K+,0.1,HCO3-,0.1,anion exchange membrane,40.14084507,14.92957746,42.53521127,2.112676056,,,,
Cu,nano-octahedra,glassy carbon,e,-1.15,K+,0.1,HCO3-,0.1,anion exchange membrane,86.52758461,2.086230876,2.086230876,0.927213723,,,,
Cu,nano-octahedra,glassy carbon,e,-1.25,K+,0.1,HCO3-,0.1,anion exchange membrane,84.90496059,1.854427446,3.940658322,0.695410292,,,,
Cu,nano-octahedra,glassy carbon,e,-1.35,K+,0.1,HCO3-,0.1,anion exchange membrane,65.43347242,2.549837738,17.15345387,1.390820584,,,,
Cu,cube,carbon paper,e,-1.12,K+,0.1,HCO3-,0.1,anion exchange membrane,19.12790698,2.48,75.62874251,12.49146789,,,,
Cu,cube,carbon paper,e,-1.05,K+,0.1,HCO3-,0.1,anion exchange membrane,8.343023256,5.68,71.44710579,21.75605798,,,,
Cu,cube,carbon paper,e,-1,K+,0.1,HCO3-,0.1,anion exchange membrane,12.4127907,5.84,56.59680639,36.04215739,,,,
Cu,cube,carbon paper,e,-0.93,K+,0.1,HCO3-,0.1,anion exchange membrane,16.48255814,22.32,36.40718563,25.10437843,,,,
Cu,cube,carbon paper,e,-0.87,K+,0.1,HCO3-,0.1,anion exchange membrane,30.93023256,21.84,42.1756487,5.675675676,,,,
Cu,needle,-,e,-1,K+,0.1,HCO3-,0.1,proton exchange membrane,37.79527559,9.448818898,17.84776903,34.90813648,,Vertical Cu Nanoneedle Arrays Enhance the Local Electric Field Promoting C2 Hydrocarbons in the CO2 Electroreduction,,
Cu,needle,-,e,-1.2,K+,0.1,HCO3-,0.1,proton exchange membrane,20.99737533,1.837270341,17.58530184,59.58005249,,,,
Cu,needle,-,e,-1.4,K+,0.1,HCO3-,0.1,proton exchange membrane,22.04724409,1.837270341,27.55905512,48.55643045,,,,
Cu,needle,-,e,-1.6,K+,0.1,HCO3-,0.1,proton exchange membrane,35.17060367,2.624671916,41.99475066,20.20997375,,,,
Cu,cube,carbon paper,e,-1.07,K+,0.1,HCO3-,0.1,anion exchange membrane,38.45930233,1.36,51.79640719,20.86275142,,,,
Cu,cube,carbon paper,e,-1.02,K+,0.1,HCO3-,0.1,anion exchange membrane,34.38953488,2.64,43.38323353,31.62261085,,,,
Cu,cube,carbon paper,e,-0.97,K+,0.1,HCO3-,0.1,anion exchange membrane,7.325581395,12.24,33.64271457,45.1674925,,,,
Cu,cube,carbon paper,e,-0.89,K+,0.1,HCO3-,0.1,anion exchange membrane,55.95930233,11.52,34.76047904,0.18018018,,,,
Cu,foil,-,f,-0.9,K+,0.1,HCO3-,0.1,proton exchange membrane,72.8,7.6,14.15127,5.44873,,,,
Cu,foil,-,f,-0.94,K+,0.1,HCO3-,0.1,proton exchange membrane,78.8,7.2,8.47543,5.52457,,,,
Cu,foil,-,f,-1.02,K+,0.1,HCO3-,0.1,proton exchange membrane,70,10.4,13.66158,5.93842,,,,
Cu,foil,-,f,-1.08,K+,0.1,HCO3-,0.1,proton exchange membrane,62,16.8,16.48646,4.71354,,,,
Cu,foil,-,f,-1.12,K+,0.1,HCO3-,0.1,proton exchange membrane,38.8,9.6,38.60345,12.99655,,,,
Cu,foil,-,f,-1.14,K+,0.1,HCO3-,0.1,proton exchange membrane,22.4,4.8,63.12655,9.67345,,,,
Cu,foil,-,f,-1.1,K+,0.1,HCO3-,0.1,glass frit,19.26,2.407,56.67,21.48,,,,
Cu,foil,-,f,-1,K+,0.1,HCO3-,0.1,glass frit,25.66371681,3.733,39.27584956,31.32743363,,Tuning the Catalytic Activity and Selectivity of Cu for CO2 Electroreduction in the Presence of Halides,,
Cu,foil,-,f,-1,K+,0.4,HCO3- and Br-,0.4,glass frit,21.01769912,9.6,33.9840708,35.39823009,,,,
Cu,foil,-,f,-1,K+,0.4,HCO3- and Cl-,0.4,glass frit,16.81415929,14.76,36.21345133,32.21238938,,,,
Cu,foil,-,f,-1,K+,0.4,HCO3- and I-,0.4,glass frit,13.49557522,0.6222,27.82912743,58.05309735,,,,
Cu,foil,-,f,-0.95,K+,0.1,HCO3-,0.1,glass frit,43.14159292,8.356,36.46700885,12.03539823,,,,
Cu,foil,-,f,-0.95,K+,0.4,HCO3- and Br-,0.4,glass frit,32.74336283,14.13,37.55141593,15.57522124,,,,
Cu,foil,-,f,-0.95,K+,0.4,HCO3- and Cl-,0.4,glass frit,41.59292035,27.02,25.90035398,5.486725664,,,,
Cu,foil,-,f,-0.95,K+,0.4,HCO3- and I-,0.4,glass frit,31.63716814,4.089,28.34462832,35.92920354,,,,
Cu,foil,-,f,-0.9,K+,0.1,HCO3-,0.1,glass frit,50.22123894,9.956,38.58382301,1.238938053,,,,
Cu,foil,-,f,-0.9,K+,0.4,HCO3- and Br-,0.4,glass frit,53.09734513,16.89,27.18079646,2.831858407,,,,
Cu,foil,-,f,-0.9,K+,0.4,HCO3- and Cl-,0.4,glass frit,52.87610619,22.13,23.04699115,1.946902655,,,,
Cu,foil,-,f,-0.9,K+,0.4,HCO3- and I-,0.4,glass frit,51.32743363,6.578,28.64323894,13.45132743,,,,
Cu,foil,-,f,-0.85,K+,0.1,HCO3-,0.1,glass frit,55.75221239,8,35.53982301,0.707964602,,,,
Cu,foil,-,f,-0.85,K+,0.4,HCO3- and Br-,0.4,glass frit,57.52212389,10.76,30.47893805,1.238938053,,,,
Cu,foil,-,f,-0.85,K+,0.4,HCO3- and Cl-,0.4,glass frit,69.46902655,8.533,20.7590354,1.238938053,,,,
Cu,foil,-,f,-0.85,K+,0.4,HCO3- and I-,0.4,glass frit,55.30973451,9.778,33.67332743,1.238938053,,,,
Cu,foil,-,f,-0.8,K+,0.1,HCO3-,0.1,glass frit,63.49557522,5.956,30.54842478,0,,,,
Cu,foil,-,f,-0.8,K+,0.4,HCO3- and Br-,0.4,glass frit,68.5840708,8.978,22.4379292,0,,,,
Cu,foil,-,f,-0.8,K+,0.4,HCO3- and Cl-,0.4,glass frit,82.07964602,7.2,10.72035398,0,,,,
Cu,foil,-,f,-0.8,K+,0.4,HCO3- and I-,0.4,glass frit,71.01769912,4.8,24.18230088,0,,,,
Cu,foil,-,f,-0.75,K+,0.1,HCO3-,0.1,glass frit,77.43362832,4.444,18.12237168,0,,,,
Cu,foil,-,f,-0.75,K+,0.4,HCO3- and Br-,0.4,glass frit,67.92035398,12.09,19.98964602,0,,,,
Cu,foil,-,f,-0.75,K+,0.4,HCO3- and Cl-,0.4,glass frit,88.49557522,3.2,8.304424779,0,,,,
Cu,foil,-,f,-0.75,K+,0.4,HCO3- and I-,0.4,glass frit,84.95575221,0.356,14.68824779,0,,,,
Cu,foil,-,f,-0.7,K+,0.1,HCO3-,0.1,glass frit,89.38053097,2.276,8.343469027,0,,,,
Cu,foil,-,f,-0.7,K+,0.4,HCO3- and Br-,0.4,glass frit,86.28318584,3.111,10.60581416,0,,,,
Cu,foil,-,f,-0.7,K+,0.4,HCO3- and Cl-,0.4,glass frit,97.78761062,1.244,0.968389381,0,,,,
Cu,foil,-,f,-0.7,K+,0.4,HCO3- and I-,0.4,glass frit,95.3539823,0.2667,4.379317699,0,,,,
Cu,foil,-,f,-1.6,K+,0.1,HCO3-,0.1,proton exchange membrane,7.56097561,5.12195122,61.95121951,18.53658537,,,,
Cu,foil,-,f,-1.4,K+,0.1,HCO3-,0.1,proton exchange membrane,12.43902439,10,52.92682927,13.90243902,,,,
Cu,foil,-,f,-1.2,K+,0.1,HCO3-,0.1,proton exchange membrane,33.41463415,28.7804878,15.12195122,4.146341463,,,,
Cu,foil,-,f,-1,K+,0.1,HCO3-,0.1,proton exchange membrane,38.53658537,34.63414634,2.43902439,3.414634146,,,,
Cu,foil,glassy carbon,f,-1.1,K+,0.1,HCO3-,0.1,anion exchange membrane,41.1,3.1,30.7,26.6,,,,
Cu,foil,-,f,-0.888,Li+,0.1,HCO3-,0.1,cation exchange membrane,60.5,0,36.9,6.8,,Product selectivity affected by cationic species in electrochemical reduction of CO2 and CO at a Cu electrode,,
Cu,foil,-,f,-0.888,Na+,0.1,HCO3-,0.1,cation exchange membrane,25.1,1,62.1,17.7,,,,
Cu,foil,-,f,-0.828,K+,0.1,HCO3-,0.1,cation exchange membrane,14.5,0.5,40.3,42.8,,,,
Cu,foil,-,f,-0.818,Cs+,0.1,HCO3-,0.1,cation exchange membrane,24.4,2.4,32.1,42.1,,,,
Cu,foil,-,f,-0.963,K+,0.05,Cl-,0.05,cation exchange membrane,11.3,2.4,21.7,66.1,,,,
Cu,foil,-,f,-0.813,K+,0.1,Cl-,0.1,cation exchange membrane,5.9,2.5,18.1,73.3,,,,
Cu,foil,-,f,-0.863,K+,0.3,Cl-,0.3,cation exchange membrane,10.9,2.1,25.5,58.9,,,,
Cu,foil,-,f,-0.793,K+,1,Cl-,1,cation exchange membrane,15.8,3.3,18.3,59.5,,,,
Cu,foil,-,f,-1.029,Li+,0.1,HCO3-,0.1,anion exchange membrane,85.95,0.47,0.65,2.17,,Hydrolysis of Electrolyte Cations Enhances the Electrochemical Reduction of CO2 over Ag and Cu,,
Cu,foil,-,f,-1.028,Na+,0.1,HCO3-,0.1,anion exchange membrane,66.25,0.72,3.14,7.95,,,,
Cu,foil,-,f,-1.031,K+,0.1,HCO3-,0.1,anion exchange membrane,55.05,1.67,10.2,13.83,,,,
Cu,foil,-,f,-1.021,Rb+,0.1,HCO3-,0.1,anion exchange membrane,32.16,2.25,12.88,38.16,,,,
Cu,foil,-,f,-1.015,Cs+,0.1,HCO3-,0.1,anion exchange membrane,31.09,0.89,24.12,46.7,,,,
