Active metal,Derived,Electrode support,Catalyst size,Potential,Anion Electrolyte ,[C] of Anion (M),Cation Electrolyte ,[C] of Cation (M),Membrane,,H2,CO,C1,C2+,,Paper,,
Cu2(OH)2CO3,cupric carbonate basic,glassy carbon,11.81,-0.846,K+,0.1,HCO3-,0.1,proton exchange membrane,,24.4,19.6,26.265,29.74,,Structural evolution and strain generation of derived-Cu catalysts during CO2 electroreduction,,
Cu2(OH)2CO3,cupric carbonate basic,glassy carbon,11.81,-0.926,K+,0.1,HCO3-,0.1,proton exchange membrane,,16.8,9.2,16.7245,57.2755,,,,
Cu2(OH)2CO3,cupric carbonate basic,glassy carbon,11.81,-0.98,K+,0.1,HCO3-,0.1,proton exchange membrane,,15.2,6.8,15.7275,62.2725,,,,
Cu2(OH)2CO3,cupric carbonate basic,glassy carbon,11.81,-1.05,K+,0.1,HCO3-,0.1,proton exchange membrane,,13.6,4,9.573,72.827,,,,
Cu2(OH)2CO3,cupric carbonate basic,glassy carbon,11.81,-1.106,K+,0.1,HCO3-,0.1,proton exchange membrane,,10,2.4,17.2335,70.3665,,,,
Cu2(OH)2CO3,cupric carbonate basic,glassy carbon,11.81,-1.172,K+,0.1,HCO3-,0.1,proton exchange membrane,,12,2,19.4905,66.5095,,,,
Cu(OH)2,hydroxide ,glassy carbon,11.72,-0.821,K+,0.1,HCO3-,0.1,proton exchange membrane,,18.8,28.4,27.64687,25.15313,,,,
Cu(OH)2,hydroxide ,glassy carbon,11.72,-0.918,K+,0.1,HCO3-,0.1,proton exchange membrane,,15.6,20.8,20.25551,43.34449,,,,
Cu(OH)2,hydroxide ,glassy carbon,11.72,-0.968,K+,0.1,HCO3-,0.1,proton exchange membrane,,16.4,16.8,16.83805,49.96195,,,,
Cu(OH)2,hydroxide ,glassy carbon,11.72,-1.084,K+,0.1,HCO3-,0.1,proton exchange membrane,,10.8,6,11.31634,71.88366,,,,
Cu(OH)2,hydroxide ,glassy carbon,11.72,-1.224,K+,0.1,HCO3-,0.1,proton exchange membrane,,20.4,4,7.73155,67.86845,,,,
CuO,oxide ,glassy carbon,11.69,-0.851,K+,0.1,HCO3-,0.1,proton exchange membrane,,45.8,9.2,20.66527,24.33473,,,,
CuO,oxide ,glassy carbon,11.69,-0.957,K+,0.1,HCO3-,0.1,proton exchange membrane,,36.14,4.02,12.45188,47.38812,,,,
CuO,oxide ,glassy carbon,11.69,-1.051,K+,0.1,HCO3-,0.1,proton exchange membrane,,23.29,2.41,6.14455,68.15545,,,,
CuO,oxide ,glassy carbon,11.69,-1.162,K+,0.1,HCO3-,0.1,proton exchange membrane,,0.257,27.043,4.05437,68.64563,,,,
CuO,oxide ,glassy carbon,11.69,-1.245,K+,0.1,HCO3-,0.1,proton exchange membrane,,34.54,1.6,3.9178,59.9422,,,,
Cu ,nanowires,glassy carbon,29,-0.808,K+,0.1,HCO3-,0.1,proton exchange membrane,,37.75,9.24,51.40562249,1.60437751,,,,
Cu ,nanowires,glassy carbon,29,-0.958,K+,0.1,HCO3-,0.1,proton exchange membrane,,25.3,7.6,32.12851406,34.97148594,,,,
Cu ,nanowires,glassy carbon,29,-1.029,K+,0.1,HCO3-,0.1,proton exchange membrane,,23.86,4.65,26.10441767,45.38558233,,,,
Cu ,nanowires,glassy carbon,29,-1.06,K+,0.1,HCO3-,0.1,proton exchange membrane,,22.09,3.61,26.5060241,47.7939759,,,,
Cu ,nanowires,glassy carbon,29,-1.101,K+,0.1,HCO3-,0.1,proton exchange membrane,,39.36,4.42,38.15261044,18.06738956,,,,
Cu,foil,-,4500,-0.9,K+,0.1,HCO3-,0.1,proton exchange membrane,,72.8,7.6,14.15127,5.44873,,,,
Cu,foil,-,4500,-0.94,K+,0.1,HCO3-,0.1,proton exchange membrane,,78.8,7.2,8.47543,5.52457,,,,
Cu,foil,-,4500,-1.02,K+,0.1,HCO3-,0.1,proton exchange membrane,,70,10.4,13.66158,5.93842,,,,
Cu,foil,-,4500,-1.08,K+,0.1,HCO3-,0.1,proton exchange membrane,,62,16.8,16.48646,4.71354,,,,
Cu,foil,-,4500,-1.12,K+,0.1,HCO3-,0.1,proton exchange membrane,,38.8,9.6,38.60345,12.99655,,,,
Cu,foil,-,4500,-1.14,K+,0.1,HCO3-,0.1,proton exchange membrane,,22.4,4.8,63.12655,9.67345,,,,
Cu,nanoparticle,-,50,-1,K+,0.1,HCO3-,0.1,Anion exchange membrane,,20.088,15.066,46.079,18.767,,Steering surface reconstruction of copper with electrolyte additives for CO2 electroreduction,,
Cu,nanoparticle,glassy carbon,2.3,-1.1,K+,0.1,HCO3-,0.1,glass frit,,61.1,26.48,12.22,1.11,,Particle size effects in the catalytic electroreduction of CO2 on Cu nanoparticles,,
Cu,nanoparticle,glassy carbon,4.8,-1.1,K+,0.1,HCO3-,0.1,glass frit,,68.15,12.04,15.74,4.44,,,,
Cu,nanoparticle,glassy carbon,6.7,-1.1,K+,0.1,HCO3-,0.1,glass frit,,69.81,20.74,9.815,0.185,,,,
Cu,nanoparticle,glassy carbon,13.1,-1.1,K+,0.1,HCO3-,0.1,glass frit,,64.26,20.56,6.852,8.333,,,,
Cu,nanoparticle,glassy carbon,15.1,-1.1,K+,0.1,HCO3-,0.1,glass frit,,59.81,25.55,12.96,2.222,,,,
Cu,foil,-,4500,-1.1,K+,0.1,HCO3-,0.1,glass frit,,19.26,2.407,56.67,21.48,,,,
Cu,nanoparticle,carbon paper,7,-0.8,K+,0.1,HCO3-,0.1,Anion exchange membrane,,34.68,10.95,10.07,44.3,,Operando studies reveal active Cu nanograins for CO2 electroreduction,,
Cu,nanoparticle,carbon paper,10,-0.8,K+,0.1,HCO3-,0.1,Anion exchange membrane,,46.97,13.73,12.1,27.2,,,,
Cu,nanoparticle,carbon paper,18,-0.8,K+,0.1,HCO3-,0.1,Anion exchange membrane,,47.35,21.82,23.93,6.9,,,,
Cu,foil,-,4500,-1,K+,0.1,HCO3-,0.1,glass frit,,25.66371681,3.733,39.27584956,31.32743363,,Tuning the Catalytic Activity and Selectivity of Cu for CO2 Electroreduction in the Presence of Halides,,
Cu,foil,-,4500,-1,K+,0.4,HCO3- and Br-,0.1+0.3,glass frit,,21.01769912,9.6,33.9840708,35.39823009,,,,
Cu,foil,-,4500,-1,K+,0.4,HCO3- and Cl-,0.1+0.3,glass frit,,16.81415929,14.76,36.21345133,32.21238938,,,,
Cu,foil,-,4500,-1,K+,0.4,HCO3- and I-,0.1+0.3,glass frit,,13.49557522,0.6222,27.82912743,58.05309735,,,,
Cu,foil,-,4500,-0.95,K+,0.1,HCO3-,0.1,glass frit,,43.14159292,8.356,36.46700885,12.03539823,,,,
Cu,foil,-,4500,-0.95,K+,0.4,HCO3- and Br-,0.1+0.3,glass frit,,32.74336283,14.13,37.55141593,15.57522124,,,,
Cu,foil,-,4500,-0.95,K+,0.4,HCO3- and Cl-,0.1+0.3,glass frit,,41.59292035,27.02,25.90035398,5.486725664,,,,
Cu,foil,-,4500,-0.95,K+,0.4,HCO3- and I-,0.1+0.3,glass frit,,31.63716814,4.089,28.34462832,35.92920354,,,,
Cu,foil,-,4500,-0.9,K+,0.1,HCO3-,0.1,glass frit,,50.22123894,9.956,38.58382301,1.238938053,,,,
Cu,foil,-,4500,-0.9,K+,0.4,HCO3- and Br-,0.1+0.3,glass frit,,53.09734513,16.89,27.18079646,2.831858407,,,,
Cu,foil,-,4500,-0.9,K+,0.4,HCO3- and Cl-,0.1+0.3,glass frit,,52.87610619,22.13,23.04699115,1.946902655,,,,
Cu,foil,-,4500,-0.9,K+,0.4,HCO3- and I-,0.1+0.3,glass frit,,51.32743363,6.578,28.64323894,13.45132743,,,,
Cu,foil,-,4500,-0.85,K+,0.1,HCO3-,0.1,glass frit,,55.75221239,8,35.53982301,0.707964602,,,,
Cu,foil,-,4500,-0.85,K+,0.4,HCO3- and Br-,0.1+0.3,glass frit,,57.52212389,10.76,30.47893805,1.238938053,,,,
Cu,foil,-,4500,-0.85,K+,0.4,HCO3- and Cl-,0.1+0.3,glass frit,,69.46902655,8.533,20.7590354,1.238938053,,,,
Cu,foil,-,4500,-0.85,K+,0.4,HCO3- and I-,0.1+0.3,glass frit,,55.30973451,9.778,33.67332743,1.238938053,,,,
Cu,foil,-,4500,-0.8,K+,0.1,HCO3-,0.1,glass frit,,63.49557522,5.956,30.54842478,0,,,,
Cu,foil,-,4500,-0.8,K+,0.4,HCO3- and Br-,0.1+0.3,glass frit,,68.5840708,8.978,22.4379292,0,,,,
Cu,foil,-,4500,-0.8,K+,0.4,HCO3- and Cl-,0.1+0.3,glass frit,,82.07964602,7.2,10.72035398,0,,,,
Cu,foil,-,4500,-0.8,K+,0.4,HCO3- and I-,0.1+0.3,glass frit,,71.01769912,4.8,24.18230088,0,,,,
Cu,foil,-,4500,-0.75,K+,0.1,HCO3-,0.1,glass frit,,77.43362832,4.444,18.12237168,0,,,,
Cu,foil,-,4500,-0.75,K+,0.4,HCO3- and Br-,0.1+0.3,glass frit,,67.92035398,12.09,19.98964602,0,,,,
Cu,foil,-,4500,-0.75,K+,0.4,HCO3- and Cl-,0.1+0.3,glass frit,,88.49557522,3.2,8.304424779,0,,,,
Cu,foil,-,4500,-0.75,K+,0.4,HCO3- and I-,0.1+0.3,glass frit,,84.95575221,0.356,14.68824779,0,,,,
Cu,foil,-,4500,-0.7,K+,0.1,HCO3-,0.1,glass frit,,89.38053097,2.276,8.343469027,0,,,,
Cu,foil,-,4500,-0.7,K+,0.4,HCO3- and Br-,0.1+0.3,glass frit,,86.28318584,3.111,10.60581416,0,,,,
Cu,foil,-,4500,-0.7,K+,0.4,HCO3- and Cl-,0.1+0.3,glass frit,,97.78761062,1.244,0.968389381,0,,,,
Cu,foil,-,4500,-0.7,K+,0.4,HCO3- and I-,0.1+0.3,glass frit,,95.3539823,0.2667,4.379317699,0,,,,
Cu,nanoparticle,Vulcan XC-72R,12,-1.6,K+,0.1,HCO3-,0.1,proton exchange membrane,,11.2195122,2.682926829,29.26829268,46.58536585,,CO2 electroreduction to hydrocarbons on carbon-supported Cu nanoparticles,,
Cu,nanoparticle,Vulcan XC-72R,12,-1.4,K+,0.1,HCO3-,0.1,proton exchange membrane,,15.36585366,4.390243902,15.12195122,43.41463415,,,,
Cu,nanoparticle,Vulcan XC-72R,12,-1.2,K+,0.1,HCO3-,0.1,proton exchange membrane,,20.97560976,10.24390244,15.85365854,34.63414634,,,,
Cu,nanoparticle,Vulcan XC-72R,12,-1,K+,0.1,HCO3-,0.1,proton exchange membrane,,29.51219512,20.24390244,1.219512195,10.97560976,,,,
Cu,nanoparticle,Vulcan XC-72R,12,-0.8,K+,0.1,HCO3-,0.1,proton exchange membrane,,51.95121951,16.09756098,0,0,,,,
Cu,nanoparticle,Vulcan XC-72R,12,-0.6,K+,0.1,HCO3-,0.1,proton exchange membrane,,72.68292683,15.12195122,0.975609756,0,,,,
Cu,nanoparticle,single-wall carbon nanotubes,19,-1.6,K+,0.1,HCO3-,0.1,proton exchange membrane,,15.85365854,2.682926829,32.68292683,43.17073171,,,,
Cu,nanoparticle,single-wall carbon nanotubes,19,-1.4,K+,0.1,HCO3-,0.1,proton exchange membrane,,21.2195122,3.902439024,29.75609756,35.6097561,,,,
Cu,nanoparticle,single-wall carbon nanotubes,19,-1.2,K+,0.1,HCO3-,0.1,proton exchange membrane,,22.43902439,7.804878049,16.58536585,35.85365854,,,,
Cu,nanoparticle,single-wall carbon nanotubes,19,-1,K+,0.1,HCO3-,0.1,proton exchange membrane,,39.51219512,18.04878049,1.219512195,15.6097561,,,,
Cu,nanoparticle,single-wall carbon nanotubes,19,-0.8,K+,0.1,HCO3-,0.1,proton exchange membrane,,43.65853659,15.6097561,0,0,,,,
Cu,nanoparticle,single-wall carbon nanotubes,19,-0.6,K+,0.1,HCO3-,0.1,proton exchange membrane,,83.65853659,9.268292683,0,0,,,,
Cu,nanoparticle,Ketjen Black,24,-1.6,K+,0.1,HCO3-,0.1,proton exchange membrane,,14.3902439,2.195121951,42.92682927,33.90243902,,,,
Cu,nanoparticle,Ketjen Black,24,-1.4,K+,0.1,HCO3-,0.1,proton exchange membrane,,16.58536585,3.414634146,28.53658537,34.14634146,,,,
Cu,nanoparticle,Ketjen Black,24,-1.2,K+,0.1,HCO3-,0.1,proton exchange membrane,,27.56097561,3.902439024,13.41463415,15.12195122,,,,
Cu,nanoparticle,Ketjen Black,24,-1,K+,0.1,HCO3-,0.1,proton exchange membrane,,42.09756098,14.87804878,4.634146341,8.292682927,,,,
Cu,nanoparticle,Ketjen Black,24,-0.8,K+,0.1,HCO3-,0.1,proton exchange membrane,,50.24390244,5.365853659,1.219512195,0.243902439,,,,
Cu,nanoparticle,Ketjen Black,24,-0.6,K+,0.1,HCO3-,0.1,proton exchange membrane,,86.82926829,8.048780488,0,0,,,,
Cu,nanoparticle,Vulcan XC-72R,27,-1.6,K+,0.1,HCO3-,0.1,proton exchange membrane,,18.04878049,0.975609756,34.3902439,37.07317073,,,,
Cu,nanoparticle,Vulcan XC-72R,27,-1.4,K+,0.1,HCO3-,0.1,proton exchange membrane,,19.51219512,2.926829268,34.14634146,32.43902439,,,,
Cu,nanoparticle,Vulcan XC-72R,27,-1.2,K+,0.1,HCO3-,0.1,proton exchange membrane,,25.85365854,6.829268293,22.92682927,25.12195122,,,,
Cu,nanoparticle,Vulcan XC-72R,27,-1,K+,0.1,HCO3-,0.1,proton exchange membrane,,49.02439024,10.73170732,1.463414634,3.902439024,,,,
Cu,nanoparticle,Vulcan XC-72R,27,-0.8,K+,0.1,HCO3-,0.1,proton exchange membrane,,60.24390244,3.902439024,0,0,,,,
Cu,nanoparticle,Vulcan XC-72R,27,-0.6,K+,0.1,HCO3-,0.1,proton exchange membrane,,83.65853659,0,0,0,,,,
Cu,foil,-,4500,-1.6,K+,0.1,HCO3-,0.1,proton exchange membrane,,7.56097561,5.12195122,61.95121951,18.53658537,,,,
Cu,foil,-,4500,-1.4,K+,0.1,HCO3-,0.1,proton exchange membrane,,12.43902439,10,52.92682927,13.90243902,,,,
Cu,foil,-,4500,-1.2,K+,0.1,HCO3-,0.1,proton exchange membrane,,33.41463415,28.7804878,15.12195122,4.146341463,,,,
Cu,foil,-,4500,-1,K+,0.1,HCO3-,0.1,proton exchange membrane,,38.53658537,34.63414634,2.43902439,3.414634146,,,,
Cu,nanoparticle,carbon paper,25,-0.49,Na+,0.95,ClO4-,0.95,proton exchange membrane,,85.255,6.113333333,5.566666667,0.023333333,,Promoting Cu-catalysed CO2 electroreduction to multicarbon products by tuning the activity of H2O,,
Cu,nanoparticle,carbon paper,25,-0.58,Na+,0.95,ClO4-,0.95,proton exchange membrane,,79.06333333,12.82,5.987666667,0.055,,,,
Cu,nanoparticle,carbon paper,25,-0.67,Na+,0.95,ClO4-,0.95,proton exchange membrane,,67.59666667,23.03666667,7.922666667,0.177333333,,,,
Cu,nanoparticle,carbon paper,25,-0.75,Na+,0.95,ClO4-,0.95,proton exchange membrane,,60.33372354,27.554,10.12333333,1.537,,,,
Cu,nanoparticle,carbon paper,25,-0.82,Na+,0.95,ClO4-,0.95,proton exchange membrane,,34.94666667,35.39166667,18.24333333,9.513333333,,,,
Cu,nanoparticle,carbon paper,25,-0.88,Na+,0.95,ClO4-,0.95,proton exchange membrane,,32.17733333,28.87166667,23.84033333,15.304,,,,
Cu,nanoparticle,carbon paper,25,-0.49,Na+,5.38,ClO4-,5.38,proton exchange membrane,,76.24333333,11.03333333,11.81766667,0.373333333,,,,
Cu,nanoparticle,carbon paper,25,-0.58,Na+,5.38,ClO4-,5.38,proton exchange membrane,,71.43333333,11.48766667,8.493333333,6.393333333,,,,
Cu,nanoparticle,carbon paper,25,-0.67,Na+,5.38,ClO4-,5.38,proton exchange membrane,,52.34366667,18.42,14.28333333,5.683333333,,,,
Cu,nanoparticle,carbon paper,25,-0.75,Na+,5.38,ClO4-,5.38,proton exchange membrane,,16.02,35.91333333,10.88,33.535,,,,
Cu,nanoparticle,carbon paper,25,-0.82,Na+,5.38,ClO4-,5.38,proton exchange membrane,,8.606666667,16.47666667,7.183333333,65.93666667,,,,
Cu,nanoparticle,carbon paper,25,-0.88,Na+,5.38,ClO4-,5.38,proton exchange membrane,,12.83,11.22333333,5.313333333,64.69,,,,
Cu,nanoparticle,carbon paper,25,-0.75,Na+,0.95,ClO4-,0.95,proton exchange membrane,,60.33372354,27.554,10.12333333,1.537,,,,
Cu,nanoparticle,carbon paper,25,-0.75,Na+,2.55,ClO4-,2.55,proton exchange membrane,,40.27,34.04,8.801,7.516666667,,,,
Cu,nanoparticle,carbon paper,25,-0.75,Na+,3.89,ClO4-,3.89,proton exchange membrane,,22.53,33.09,10.29,28.47333333,,,,
Cu,nanoparticle,carbon paper,25,-0.75,Na+,5.38,ClO4-,5.38,proton exchange membrane,,16.02,35.91333333,11.64,33.535,,,,
Cu,nanoparticle,carbon paper,25,-0.75,Na+,6.33,ClO4-,6.33,proton exchange membrane,,24.955,23.13333333,8.365,35.84333333,,,,
Cu,nanoparticle,carbon paper,25,-0.75,Na+,7.12,ClO4-,7.12,proton exchange membrane,,16,28.5,7.013333333,46.83,,,,
Cu,nanoparticle,carbon paper,25,-0.75,Na+,7.99,ClO4-,7.99,proton exchange membrane,,19.01757426,24.9325,7.223333333,50.36,,,,
Cu,nanoparticle,carbon paper,25,-0.75,Na+,8.49,ClO4-,8.49,proton exchange membrane,,10.12666667,18.685,9.266666667,57.40333333,,,,
Cu,cube,carbon paper,220,-1.12,K+,0.1,HCO3-,0.1,Anion exchange membrane,,35.35211268,0.845070423,54.92957746,8.309859155,,"Dynamic Changes in the Structure, Chemical State and Catalytic Selectivity of Cu Nanocubes during CO2 Electroreduction: Size and Support Effects",,
Cu,cube,carbon paper,220,-1.05,K+,0.1,HCO3-,0.1,Anion exchange membrane,,28.45070423,3.098591549,42.11267606,25.77464789,,,,
Cu,cube,carbon paper,220,-0.98,K+,0.1,HCO3-,0.1,Anion exchange membrane,,10.14084507,23.8028169,43.52112676,22.95774648,,,,
Cu,cube,carbon paper,220,-0.88,K+,0.1,HCO3-,0.1,Anion exchange membrane,,40.14084507,14.92957746,42.53521127,2.112676056,,,,
Cu,cube,carbon paper,320,-1.12,K+,0.1,HCO3-,0.1,Anion exchange membrane,,19.12790698,2.48,75.62874251,12.49146789,,,,
Cu,cube,carbon paper,320,-1.05,K+,0.1,HCO3-,0.1,Anion exchange membrane,,8.343023256,5.68,71.44710579,21.75605798,,,,
Cu,cube,carbon paper,320,-1,K+,0.1,HCO3-,0.1,Anion exchange membrane,,12.4127907,5.84,56.59680639,36.04215739,,,,
Cu,cube,carbon paper,320,-0.93,K+,0.1,HCO3-,0.1,Anion exchange membrane,,16.48255814,22.32,36.40718563,25.10437843,,,,
Cu,cube,carbon paper,320,-0.87,K+,0.1,HCO3-,0.1,Anion exchange membrane,,30.93023256,21.84,42.1756487,5.675675676,,,,
Cu,cube,carbon paper,580,-1.07,K+,0.1,HCO3-,0.1,Anion exchange membrane,,38.45930233,1.36,51.79640719,20.86275142,,,,
Cu,cube,carbon paper,580,-1.02,K+,0.1,HCO3-,0.1,Anion exchange membrane,,34.38953488,2.64,43.38323353,31.62261085,,,,
Cu,cube,carbon paper,580,-0.97,K+,0.1,HCO3-,0.1,Anion exchange membrane,,7.325581395,12.24,33.64271457,45.1674925,,,,
Cu,cube,carbon paper,580,-0.89,K+,0.1,HCO3-,0.1,Anion exchange membrane,,55.95930233,11.52,34.76047904,0.18018018,,,,
Cu,foam,-,35,-1,K+,0.5,HCO3-,0.5,proton exchange membrane,,35.89108911,4.702970297,3.712871287,41.58415842,,Morphology Matters: Tuning the Product Distribution of CO2 Electroreduction on Oxide-Derived Cu Foam Catalysts,,
Cu,foam,-,35,-0.9,K+,0.5,HCO3-,0.5,proton exchange membrane,,27.72277228,8.663366337,5.693069307,47.52475248,,,,
Cu,foam,-,35,-0.8,K+,0.5,HCO3-,0.5,proton exchange membrane,,14.85148515,15.0990099,6.188118812,53.96039604,,,,
Cu,foam,-,35,-0.7,K+,0.5,HCO3-,0.5,proton exchange membrane,,12.12871287,24.00990099,4.702970297,50.74257426,,,,
Cu,foam,-,35,-0.6,K+,0.5,HCO3-,0.5,proton exchange membrane,,20.79207921,34.65346535,5.940594059,29.7029703,,,,
Cu,foam,-,35,-0.5,K+,0.5,HCO3-,0.5,proton exchange membrane,,35.89108911,40.0990099,1.98019802,10.64356436,,,,
Cu,foam,-,35,-0.4,K+,0.5,HCO3-,0.5,proton exchange membrane,,49.00990099,38.11881188,0.841584158,3.712871287,,,,
Cu2(OH)2CO3,cupric carbonate basic,carbon paper,100,-0.777,K+,1,OH-,1,anion exchange membrane,,13.52542373,34.64373464,5.962325962,56.46226415,,Copper Electrocatalyst Produced by Cu2(OH)2CO3-Mediated In Situ Deposition for Diluted CO2 Reduction to Multicarbon Products,,
Cu2(OH)2CO3,cupric carbonate basic,carbon paper,100,-0.977,K+,1,OH-,1,anion exchange membrane,,12.44067797,25.55282555,5.356265356,60.09433962,,,,
Cu2(OH)2CO3,cupric carbonate basic,carbon paper,100,-1.177,K+,1,OH-,1,anion exchange membrane,,12.16949153,20.63882064,5.118755119,58.77358491,,,,
Cu2(OH)2CO3,cupric carbonate basic,carbon paper,100,-1.377,K+,1,OH-,1,anion exchange membrane,,12.16949153,19.16461916,3.108108108,60.4245283,,,,
Cu2(OH)2CO3,cupric carbonate basic,carbon paper,100,-1.577,K+,1,OH-,1,anion exchange membrane,,12.44067797,16.21621622,3.329238329,62.0754717,,,,
Cu,nanoparticle,glassy carbon,7.5,-1.1,K+,0.1,HCO3-,0.1,anion exchange membrane,,25.2,2.1,38.3,27.4,,Tailoring Copper Nanocrystals towards C2 Products in Electrochemical CO2 Reduction,,
Cu,nanoparticle,glassy carbon,27,-1.1,K+,0.1,HCO3-,0.1,anion exchange membrane,,47.6,3.1,34.4,15.5,,,,
Cu,cube,glassy carbon,24,-1.1,K+,0.1,HCO3-,0.1,anion exchange membrane,,54.7,3.3,35,9.8,,,,
Cu,cube,glassy carbon,44,-1.1,K+,0.1,HCO3-,0.1,anion exchange membrane,,20.5,2.1,28.7,46.4,,,,
Cu,cube,glassy carbon,63,-1.1,K+,0.1,HCO3-,0.1,anion exchange membrane,,32.3,1.2,27.8,32.3,,,,
Cu,foil,glassy carbon,4500,-1.1,K+,0.1,HCO3-,0.1,anion exchange membrane,,41.1,3.1,30.7,26.6,,,,
Cu,foil,-,4500,-0.888,Li+,0.1,HCO3-,0.1,cation exchange membrane,,60.5,0,36.9,6.8,,Product selectivity affected by cationic species in electrochemical reduction of CO2 and CO at a Cu electrode,,
Cu,foil,-,4500,-0.888,Na+,0.1,HCO3-,0.1,cation exchange membrane,,25.1,1,62.1,17.7,,,,
Cu,foil,-,4500,-0.828,K+,0.1,HCO3-,0.1,cation exchange membrane,,14.5,0.5,40.3,42.8,,,,
Cu,foil,-,4500,-0.818,Cs+,0.1,HCO3-,0.1,cation exchange membrane,,24.4,2.4,32.1,42.1,,,,
Cu,foil,-,4500,-0.963,K+,0.05,Cl-,0.05,cation exchange membrane,,11.3,2.4,21.7,66.1,,,,
Cu,foil,-,4500,-0.813,K+,0.1,Cl-,0.1,cation exchange membrane,,5.9,2.5,18.1,73.3,,,,
Cu,foil,-,4500,-0.863,K+,0.3,Cl-,0.3,cation exchange membrane,,10.9,2.1,25.5,58.9,,,,
Cu,foil,-,4500,-0.793,K+,1,Cl-,1,cation exchange membrane,,15.8,3.3,18.3,59.5,,,,
Cu2O,oxide ,-,29.9,-1.13,K+,0.1,HCO3-,0.1,anion exchange membrane,,99.66072943,0,0.212044105,0,99.87277354,Mechanistic insights into the selective electroreduction of carbon dioxide to ethylene on Cu2O-derived copper catalysts,,
Cu2O,oxide ,-,29.9,-1.08,K+,0.1,HCO3-,0.1,anion exchange membrane,,78.45631891,0,2.120441052,16.75148431,97.32824427,,,
Cu2O,oxide ,-,29.9,-1.03,K+,0.1,HCO3-,0.1,anion exchange membrane,,59.37234945,0,3.180661578,33.47413062,96.02714165,,,
Cu2O,oxide ,-,29.9,-0.98,K+,0.1,HCO3-,0.1,anion exchange membrane,,34.56318914,0.636132316,7.209499576,56.59202714,99.00084818,,,
Cu2O,oxide ,-,29.9,-0.93,K+,0.1,HCO3-,0.1,anion exchange membrane,,49.40627651,1.272264631,10.60220526,36.47158609,97.75233249,,,
Cu2O,oxide ,-,29.9,-0.88,K+,0.1,HCO3-,0.1,anion exchange membrane,,46.64970314,2.120441052,25.23324852,24.17302799,98.1764207,,,
Cu2O,oxide ,-,29.9,-0.83,K+,0.1,HCO3-,0.1,anion exchange membrane,,51.73876166,2.756573367,12.72264631,32.8668363,100.0848176,,,
Cu2O,oxide ,-,29.9,-0.78,K+,0.1,HCO3-,0.1,anion exchange membrane,,43.25699746,7.633587786,32.6547922,11.02629347,94.57167091,,,
Cu2O,oxide ,-,29.9,-0.68,K+,0.1,HCO3-,0.1,anion exchange membrane,,64.03731976,12.72264631,32.44274809,6.997455471,116.2001696,,,
Cu2O,oxide ,-,18,-1.13,K+,0.1,HCO3-,0.1,anion exchange membrane,,90.83969466,0,0.890585242,8.905852417,100.6361323,,,
Cu2O,oxide ,-,18,-1.08,K+,0.1,HCO3-,0.1,anion exchange membrane,,75.27671756,0,1.16889313,24.78053435,101.226145,,,
Cu2O,oxide ,-,18,-1.03,K+,0.1,HCO3-,0.1,anion exchange membrane,,53.16793893,0,1.335877863,44.94656489,99.45038168,,,
Cu2O,oxide ,-,18,-0.98,K+,0.1,HCO3-,0.1,anion exchange membrane,,45.15267176,0,3.183842239,49.46819338,97.80470738,,,
Cu2O,oxide ,-,18,-0.93,K+,0.1,HCO3-,0.1,anion exchange membrane,,42.12468193,1.959287532,15.18447837,38.94083969,98.20928753,,,
Cu2O,oxide ,-,18,-0.88,K+,0.1,HCO3-,0.1,anion exchange membrane,,47.69083969,3.085877863,13.46564885,37.3110687,101.5534351,,,
Cu2O,oxide ,-,18,-0.83,K+,0.1,HCO3-,0.1,anion exchange membrane,,53.25699746,4.920483461,12.73536896,27.49681934,98.40966921,,,
Cu2O,oxide ,-,18,-0.78,K+,0.1,HCO3-,0.1,anion exchange membrane,,49.16030534,5.888994911,28.67684478,14.59446565,98.32061069,,,
Cu2O,oxide ,-,18,-0.68,K+,0.1,HCO3-,0.1,anion exchange membrane,,51.65394402,11.88040712,25.82697201,10.07251908,99.43384224,,,
Cu2O,oxide ,-,28.4,-1.13,K+,0.1,HCO3-,0.1,anion exchange membrane,,103.4482759,0,0,0,103.4482759,,,
Cu2O,oxide ,-,28.4,-1.08,K+,0.1,HCO3-,0.1,anion exchange membrane,,82.97413793,0,1.077586207,15.34482759,99.39655172,,,
Cu2O,oxide ,-,28.4,-1.03,K+,0.1,HCO3-,0.1,anion exchange membrane,,75.86206897,0,1.293103448,23.55172414,100.7068966,,,
Cu2O,oxide ,-,28.4,-0.98,K+,0.1,HCO3-,0.1,anion exchange membrane,,52.15517241,0,4.094827586,44.28448276,100.5344828,,,
Cu2O,oxide ,-,28.4,-0.93,K+,0.1,HCO3-,0.1,anion exchange membrane,,43.96551724,0,4.956896552,51.75,100.6724138,,,
Cu2O,oxide ,-,28.4,-0.88,K+,0.1,HCO3-,0.1,anion exchange membrane,,37.28448276,1.077586207,3.879310345,57.86206897,100.1034483,,,
Cu2O,oxide ,-,28.4,-0.83,K+,0.1,HCO3-,0.1,anion exchange membrane,,39.65517241,1.077586207,4.310344828,55.18103448,100.2241379,,,
Cu2O,oxide ,-,28.4,-0.78,K+,0.1,HCO3-,0.1,anion exchange membrane,,53.01724138,5.387931034,14.87068966,27.15517241,100.4310345,,,
Cu2O,oxide ,-,28.4,-0.68,K+,0.1,HCO3-,0.1,anion exchange membrane,,39.65517241,12.06896552,26.07758621,21.71551724,99.51724138,,,
Cu2O,oxide ,-,40.6,-1.08,K+,0.1,HCO3-,0.1,anion exchange membrane,,96.7611336,0,0,2.226720648,98.98785425,,,
Cu2O,oxide ,-,40.6,-1.03,K+,0.1,HCO3-,0.1,anion exchange membrane,,81.37651822,0,0.4048583,15.36032389,97.1417004,,,
Cu2O,oxide ,-,40.6,-0.98,K+,0.1,HCO3-,0.1,anion exchange membrane,,89.06882591,0,0.809716599,9.311740891,99.1902834,,,
Cu2O,oxide ,-,40.6,-0.93,K+,0.1,HCO3-,0.1,anion exchange membrane,,72.67206478,0,1.214574899,18.82591093,92.71255061,,,
Cu2O,oxide ,-,40.6,-0.88,K+,0.1,HCO3-,0.1,anion exchange membrane,,69.23076923,0,1.619433198,18.62348178,89.47368421,,,
Cu2O,oxide ,-,40.6,-0.83,K+,0.1,HCO3-,0.1,anion exchange membrane,,56.07287449,0.931174089,1.821862348,39.40080972,98.22672065,,,
Cu2O,oxide ,-,40.6,-0.78,K+,0.1,HCO3-,0.1,anion exchange membrane,,56.88259109,2.024291498,15.58704453,27.73279352,102.2267206,,,
Cu2O,oxide ,-,40.6,-0.68,K+,0.1,HCO3-,0.1,anion exchange membrane,,54.048583,5.263157895,19.43319838,17.58704453,96.33198381,,,
Cu2O,oxide ,-,25.4,-1.13,K+,0.1,HCO3-,0.1,anion exchange membrane,,94.06071271,0.131984162,0.131984162,1.40783106,95.7325121,,,
Cu2O,oxide ,-,25.4,-1.08,K+,0.1,HCO3-,0.1,anion exchange membrane,,58.424989,0.131984162,0.791904971,31.54421469,90.89309283,,,
Cu2O,oxide ,-,25.4,-1.03,K+,0.1,HCO3-,0.1,anion exchange membrane,,41.04707435,0.131984162,3.431588209,56.36339639,100.9740431,,,
Cu2O,oxide ,-,25.4,-0.98,K+,0.1,HCO3-,0.1,anion exchange membrane,,36.64760229,0.791904971,4.751429828,57.00439947,99.19533656,,,
Cu2O,oxide ,-,25.4,-0.93,K+,0.1,HCO3-,0.1,anion exchange membrane,,37.96744391,1.671799384,6.511218654,53.14342279,99.29388473,,,
Cu2O,oxide ,-,25.4,-0.88,K+,0.1,HCO3-,0.1,anion exchange membrane,,46.32644083,3.211614606,15.53013638,33.90453146,98.97272327,,,
Cu2O,oxide ,-,25.4,-0.83,K+,0.1,HCO3-,0.1,anion exchange membrane,,67.22393313,2.331720194,13.55037396,22.96524417,106.0712714,,,
Cu2O,oxide ,-,25.4,-0.78,K+,0.1,HCO3-,0.1,anion exchange membrane,,54.90541135,6.95116586,21.90937088,16.80598328,100.5719314,,,
Cu2O,oxide ,-,25.4,-0.68,K+,0.1,HCO3-,0.1,anion exchange membrane,,61.72459305,13.33040035,24.98900132,2.947646282,102.991641,,,
Cu2O,oxide ,-,18.2,-1.08,K+,0.1,HCO3-,0.1,anion exchange membrane,,84.33476395,0,7.939914163,12.66094421,104.9356223,,,
Cu2O,oxide ,-,18.2,-1.03,K+,0.1,HCO3-,0.1,anion exchange membrane,,46.56652361,0,2.145922747,50.40772532,99.12017167,,,
Cu2O,oxide ,-,18.2,-0.98,K+,0.1,HCO3-,0.1,anion exchange membrane,,35.6223176,0.429184549,4.291845494,55.92274678,96.26609442,,,
Cu2O,oxide ,-,18.2,-0.93,K+,0.1,HCO3-,0.1,anion exchange membrane,,33.9055794,1.502145923,7.725321888,53.91845494,97.05150215,,,
Cu2O,oxide ,-,18.2,-0.88,K+,0.1,HCO3-,0.1,anion exchange membrane,,46.56652361,1.716738197,6.86695279,44.98283262,100.1330472,,,
Cu2O,oxide ,-,18.2,-0.78,K+,0.1,HCO3-,0.1,anion exchange membrane,,45.27896996,9.227467811,21.45922747,20.45064378,96.41630901,,,
Cu2O,oxide ,-,18.2,-0.68,K+,0.1,HCO3-,0.1,anion exchange membrane,,45.70815451,18.6695279,21.03004292,14.72103004,100.1287554,,,
Cu2O,oxide ,-,21.8,-1.08,K+,0.1,HCO3-,0.1,anion exchange membrane,,86.31346578,0,0,9.050772627,95.36423841,,,
Cu2O,oxide ,-,21.8,-1.03,K+,0.1,HCO3-,0.1,anion exchange membrane,,63.57615894,0,0.883002208,32.22958057,96.68874172,,,
Cu2O,oxide ,-,21.8,-0.98,K+,0.1,HCO3-,0.1,anion exchange membrane,,53.200883,0.220750552,1.103752759,41.12582781,95.65121413,,,
Cu2O,oxide ,-,21.8,-0.93,K+,0.1,HCO3-,0.1,anion exchange membrane,,39.73509934,0.883002208,6.622516556,53.09933775,100.3399558,,,
Cu2O,oxide ,-,21.8,-0.88,K+,0.1,HCO3-,0.1,anion exchange membrane,,43.70860927,1.766004415,5.960264901,47.16335541,98.598234,,,
Cu2O,oxide ,-,21.8,-0.83,K+,0.1,HCO3-,0.1,anion exchange membrane,,53.200883,1.766004415,9.713024283,33.99558499,98.67549669,,,
Cu2O,oxide ,-,21.8,-0.78,K+,0.1,HCO3-,0.1,anion exchange membrane,,50.77262693,4.194260486,17.21854305,23.3995585,95.58498896,,,
Cu2O,oxide ,-,21.8,-0.68,K+,0.1,HCO3-,0.1,anion exchange membrane,,52.09713024,10.37527594,17.66004415,17.06401766,97.19646799,,,
Cu2O,oxide ,-,22,-1.08,K+,0.1,HCO3-,0.1,anion exchange membrane,,105.7831325,0,0,1.927710843,107.7108434,,,
Cu2O,oxide ,-,22,-1.03,K+,0.1,HCO3-,0.1,anion exchange membrane,,64.3373494,0.481927711,0.963855422,29.87951807,95.6626506,,,
Cu2O,oxide ,-,22,-0.98,K+,0.1,HCO3-,0.1,anion exchange membrane,,62.40963855,0.481927711,3.373493976,34.93975904,101.2048193,,,
Cu2O,oxide ,-,22,-0.93,K+,0.1,HCO3-,0.1,anion exchange membrane,,41.20481928,0.722891566,3.614457831,50.46987952,96.01204819,,,
Cu2O,oxide ,-,22,-0.88,K+,0.1,HCO3-,0.1,anion exchange membrane,,50.84337349,0.963855422,12.04819277,34.45783133,98.31325301,,,
Cu2O,oxide ,-,22,-0.83,K+,0.1,HCO3-,0.1,anion exchange membrane,,57.8313253,0.963855422,7.469879518,35.90361446,102.1686747,,,
Cu2O,oxide ,-,22,-0.78,K+,0.1,HCO3-,0.1,anion exchange membrane,,61.92771084,2.409638554,9.156626506,30.60240964,104.0963855,,,
Cu2O,oxide ,-,22,-0.68,K+,0.1,HCO3-,0.1,anion exchange membrane,,40.24096386,9.879518072,23.61445783,26.97590361,100.7108434,,,
Cu2O,oxide ,-,33.1,-1.08,K+,0.1,HCO3-,0.1,anion exchange membrane,,93.99141631,0,0.429184549,7.510729614,101.9313305,,,
Cu2O,oxide ,-,33.1,-1.03,K+,0.1,HCO3-,0.1,anion exchange membrane,,77.25321888,0.214592275,0.429184549,17.8111588,95.70815451,,,
Cu2O,oxide ,-,33.1,-0.98,K+,0.1,HCO3-,0.1,anion exchange membrane,,59.65665236,0.429184549,1.287553648,37.25321888,98.62660944,,,
Cu2O,oxide ,-,33.1,-0.93,K+,0.1,HCO3-,0.1,anion exchange membrane,,54.93562232,1.287553648,2.575107296,39.39914163,98.19742489,,,
Cu2O,oxide ,-,33.1,-0.88,K+,0.1,HCO3-,0.1,anion exchange membrane,,46.99570815,1.072961373,5.364806867,42.91845494,96.35193133,,,
Cu2O,oxide ,-,33.1,-0.83,K+,0.1,HCO3-,0.1,anion exchange membrane,,46.78111588,1.716738197,9.442060086,39.91416309,97.85407725,,,
Cu2O,oxide ,-,33.1,-0.78,K+,0.1,HCO3-,0.1,anion exchange membrane,,52.14592275,2.789699571,14.16309013,26.60944206,95.70815451,,,
Cu2O,oxide ,-,33.1,-0.68,K+,0.1,HCO3-,0.1,anion exchange membrane,,47.4248927,7.510729614,24.67811159,18.87553648,98.48927039,,,
Cu2O,oxide ,-,36.1,-1.08,K+,0.1,HCO3-,0.1,anion exchange membrane,,96.17117117,0,0,2.702702703,98.87387387,,,
Cu2O,oxide ,-,36.1,-1.03,K+,0.1,HCO3-,0.1,anion exchange membrane,,56.08108108,0,0.675675676,43.45945946,100.2162162,,,
Cu2O,oxide ,-,36.1,-0.98,K+,0.1,HCO3-,0.1,anion exchange membrane,,46.3963964,0.225225225,2.252252252,51.03603604,99.90990991,,,
Cu2O,oxide ,-,36.1,-0.93,K+,0.1,HCO3-,0.1,anion exchange membrane,,36.48648649,1.351351351,3.828828829,54.66666667,96.33333333,,,
Cu2O,oxide ,-,36.1,-0.88,K+,0.1,HCO3-,0.1,anion exchange membrane,,53.6036036,0.900900901,6.081081081,37.65765766,98.24324324,,,
Cu2O,oxide ,-,36.1,-0.83,K+,0.1,HCO3-,0.1,anion exchange membrane,,61.48648649,1.126126126,6.081081081,34.23423423,102.9279279,,,
Cu2O,oxide ,-,36.1,-0.78,K+,0.1,HCO3-,0.1,anion exchange membrane,,57.20720721,2.702702703,9.234234234,31.52252252,100.6666667,,,
Cu2O,oxide ,-,36.1,-0.68,K+,0.1,HCO3-,0.1,anion exchange membrane,,54.05405405,2.702702703,12.16216216,30.47747748,99.3963964,,,
Cu,nanoparticle,glassy carbon,7,-0.95,Na+,0.1,HCO3-,0.1,ion exchange membrane,,42.71047228,6.735112936,13.14168378,0,62.58726899,Morphological evolution in the absence of carbon dioxide,,
Cu,nanoparticle,glassy carbon,7,-1.05,Na+,0.1,HCO3-,0.1,ion exchange membrane,,20.20533881,3.613963039,45.66735113,3.942505133,73.42915811,,,
Cu,nanoparticle,glassy carbon,7,-1.15,Na+,0.1,HCO3-,0.1,ion exchange membrane,,13.30595483,2.135523614,64.55852156,4.928131417,84.92813142,,,
Cu,nanoparticle,glassy carbon,7,-1.25,Na+,0.1,HCO3-,0.1,ion exchange membrane,,12.32032854,1.149897331,69.32238193,3.285420945,86.07802875,,,
Cu,nanoparticle,glassy carbon,7,-1.35,Na+,0.1,HCO3-,0.1,ion exchange membrane,,24.47638604,0.821355236,76.38603696,2.628336756,104.312115,,,
Cu,nanoparticle,glassy carbon,7,-1.45,Na+,0.1,HCO3-,0.1,ion exchange membrane,,26.11909651,0.164271047,64.39425051,1.478439425,92.15605749,,,
Cu,nanoneedle,-,335,-1,K+,0.1,HCO3-,0.1,proton exchange membrane,,37.79527559,9.448818898,17.84776903,34.90813648,100,Vertical Cu Nanoneedle Arrays Enhance the Local Electric Field Promoting C2 Hydrocarbons in the CO2 Electroreduction,,
Cu,nanoneedle,-,335,-1.2,K+,0.1,HCO3-,0.1,proton exchange membrane,,20.99737533,1.837270341,17.58530184,59.58005249,100,,,
Cu,nanoneedle,-,335,-1.4,K+,0.1,HCO3-,0.1,proton exchange membrane,,22.04724409,1.837270341,27.55905512,48.55643045,100,,,
Cu,nanoneedle,-,335,-1.6,K+,0.1,HCO3-,0.1,proton exchange membrane,,35.17060367,2.624671916,41.99475066,20.20997375,100,,,
Cu2S,"sulfide,nanoparticles",glassy carbon,8,-0.85,K+,0.1,HCO3-,0.1,anion exchange membrane,,15.8,16.5,66,0,98.3,Steering post-C-C coupling selectivity enables high efficiency electroreduction of carbon dioxide to multi-carbon alcohols,,
Cu2S,"sulfide,nanoparticles",glassy carbon,8,-0.9,K+,0.1,HCO3-,0.1,anion exchange membrane,,16.8,10.5,61.4,8.2,96.9,,,
Cu2S,"sulfide,nanoparticles",glassy carbon,8,-0.95,K+,0.1,HCO3-,0.1,anion exchange membrane,,13.8,3.5,31.1,50.8,99.2,,,
Cu2S,"sulfide,nanoparticles",glassy carbon,8,-1,K+,0.1,HCO3-,0.1,anion exchange membrane,,18.5,1.5,29.3,48.5,97.8,,,
Cu2S,"sulfide,nanoparticles",glassy carbon,8,-1.05,K+,0.1,HCO3-,0.1,anion exchange membrane,,29.8,0.5,19.8,42.4,92.5,,,
Cu2S,"sulfide,nanoparticles",glassy carbon,8,-1.1,K+,0.1,HCO3-,0.1,anion exchange membrane,,35.5,0,19.4,46.7,101.6,,,
Cu2S,"sulfide,nanoparticles",glassy carbon,8,-1.15,K+,0.1,HCO3-,0.1,anion exchange membrane,,41.8,0,6,37.3,85.1,,,
Cu2O,oxide ,,100,-0.6,K+,0.1,HCO3-,0.1,proton exchange membrane,,36.15702479,10.74380165,29.75206612,23.3481153,100.0010079,A strategy to control the grain boundary density and Cu+/Cu0 ratio of Cu-based catalysts for efficient electroreduction of CO2 to C2 products,,
Cu2O,oxide ,,100,-0.7,K+,0.1,HCO3-,0.1,proton exchange membrane,,30.78512397,8.47107438,28.51239669,32.02882483,99.79741988,,,
Cu2O,oxide ,,100,-0.8,K+,0.1,HCO3-,0.1,proton exchange membrane,,24.38016529,5.991735537,25.20661157,44.1518847,99.7303971,,,
Cu2O,oxide ,,100,-0.9,K+,0.1,HCO3-,0.1,proton exchange membrane,,15.70247934,4.752066116,14.87603306,64.50665188,99.8372304,,,
Cu2O,oxide ,,100,-1,K+,0.1,HCO3-,0.1,proton exchange membrane,,27.27272727,4.132231405,16.94214876,51.63525499,99.98236243,,,
Cu2O,oxide ,,100,-1.1,K+,0.1,HCO3-,0.1,proton exchange membrane,,41.94214876,2.892561983,14.87603306,39.96119734,99.67194114,,,
Cu2O,oxide ,,100,-1.2,K+,0.1,HCO3-,0.1,proton exchange membrane,,54.33884298,1.446280992,11.98347107,31.87915743,99.64775247,,,
Cu,nanoparticle,Vulcan Carbon,9,-2.2,K+,0.1,HCO3-,0.1,proton exchange membrane,,9.770762871,3.006388576,45.09582864,35.13716648,93.01014656,Effect of nanostructured carbon support on copper electrocatalytic activity toward CO2 electroreduction to hydrocarbon fuels,,
Cu,nanoparticle,Vulcan Carbon,9,-2,K+,0.1,HCO3-,0.1,proton exchange membrane,,20.48102217,3.945885006,44.53213078,29.87598647,98.83502443,,,
Cu,nanoparticle,Vulcan Carbon,9,-1.8,K+,0.1,HCO3-,0.1,proton exchange membrane,,20.85682074,10.14656144,24.99060504,40.02254791,96.01653514,,,
Cu,nanoparticle,Vulcan Carbon,9,-1.6,K+,0.1,HCO3-,0.1,proton exchange membrane,,30.25178504,22.54791432,7.328072153,20.1052236,80.23299511,,,
Cu,nanoparticle,Vulcan Carbon,9,-1.4,K+,0.1,HCO3-,0.1,proton exchange membrane,,50.9207065,7.703870725,1.87899286,0.375798572,60.87936866,,,
Cu,nanoparticle,reduced graphene oxide,13,-2.2,K+,0.1,HCO3-,0.1,proton exchange membrane,,18.33333333,7.586206897,30.55555556,35.40229885,91.87739464,,,
Cu,nanoparticle,reduced graphene oxide,13,-2,K+,0.1,HCO3-,0.1,proton exchange membrane,,14.54022989,4.636015326,43.62068966,48.46743295,111.2643678,,,
Cu,nanoparticle,reduced graphene oxide,13,-1.8,K+,0.1,HCO3-,0.1,proton exchange membrane,,21.91570881,6.53256705,8.850574713,61.11111111,98.40996169,,,
Cu,nanoparticle,reduced graphene oxide,13,-1.6,K+,0.1,HCO3-,0.1,proton exchange membrane,,22.96934866,8.218390805,1.264367816,32.45210728,64.90421456,,,
Cu,nanoparticle,reduced graphene oxide,13,-1.4,K+,0.1,HCO3-,0.1,proton exchange membrane,,63.63984674,23.18007663,0,1.264367816,88.08429119,,,
Cu,nanoparticle,onion-like carbon,15,-2.2,K+,0.1,HCO3-,0.1,proton exchange membrane,,83.74587459,12.9950495,8.45709571,1.443894389,106.6419142,,,
Cu,nanoparticle,onion-like carbon,15,-2,K+,0.1,HCO3-,0.1,proton exchange membrane,,73.01980198,4.331683168,9.282178218,4.125412541,90.75907591,,,
Cu,nanoparticle,onion-like carbon,15,-1.8,K+,0.1,HCO3-,0.1,proton exchange membrane,,35.27227723,18.97689769,19.8019802,27.02145215,101.0726073,,,
Cu,nanoparticle,onion-like carbon,15,-1.6,K+,0.1,HCO3-,0.1,proton exchange membrane,,32.38448845,22.0709571,1.650165017,14.23267327,70.33828383,,,
Cu,nanoparticle,onion-like carbon,15,-1.4,K+,0.1,HCO3-,0.1,proton exchange membrane,,59.61221122,14.23267327,0,0,73.84488449,,,
Cu,foil,-,4500,-1.029,Li+,0.1,HCO3-,0.1,anion exchange membrane,,85.95,0.47,0.65,2.17,89.24,Hydrolysis of Electrolyte Cations Enhances the Electrochemical Reduction of CO2 over Ag and Cu,,
Cu,foil,-,4500,-1.028,Na+,0.1,HCO3-,0.1,anion exchange membrane,,66.25,0.72,3.14,7.95,78.06,,,
Cu,foil,-,4500,-1.031,K+,0.1,HCO3-,0.1,anion exchange membrane,,55.05,1.67,10.2,13.83,80.75,,,
Cu,foil,-,4500,-1.021,Rb+,0.1,HCO3-,0.1,anion exchange membrane,,32.16,2.25,12.88,38.16,85.45,,,
Cu,foil,-,4500,-1.015,Cs+,0.1,HCO3-,0.1,anion exchange membrane,,31.09,0.89,24.12,46.7,102.8,,,
Cu,graphene-covered nanocrystal,-,4,-1.14,K+,0.1,HCO3-,0.1,proton exchange membrane,,44.02173913,0.489130435,7.826086957,40.59782609,92.93478261,Emergence of Potential-Controlled Cu-Nanocuboids and Graphene-Covered Cu-Nanocuboids under Operando CO2 Electroreduction,,
Cu,graphene-covered nanocrystal,-,4,-1.04,K+,0.1,HCO3-,0.1,proton exchange membrane,,33.99456522,1.222826087,22.01086957,44.02173913,101.25,,,
Cu,graphene-covered nanocrystal,-,4,-0.94,K+,0.1,HCO3-,0.1,proton exchange membrane,,33.26086957,5.135869565,39.86413043,4.64673913,82.9076087,,,
Cu,graphene-covered nanocrystal,-,4,-0.84,K+,0.1,HCO3-,0.1,proton exchange membrane,,47.69021739,10.51630435,34.23913043,0,92.44565217,,,
Cu,graphene-covered nanocrystal,-,4,-0.74,K+,0.1,HCO3-,0.1,proton exchange membrane,,56.98369565,5.380434783,13.94021739,0,76.30434783,,,
Cu,graphene-covered nanocrystal,-,4,-0.64,K+,0.1,HCO3-,0.1,proton exchange membrane,,84.375,4.64673913,17.85326087,0,106.875,,,
Cu2O,cube,carbon paper,85.3,-0.63,K+,0.1,HCO3-,0.1,ion exchange membrane,,38.50596,13.3688,15.16696,36.82985,103.87157,Exploring the influence of cell configurations on Cu catalyst reconstruction during CO2 electroreduction,,
Cu2O,cube,carbon paper,85.3,-0.78,K+,0.1,HCO3-,0.1,ion exchange membrane,,40.4613,4.59396,37.90443,34.59035,117.55004,,,
Cu2O,cube,carbon paper,85.3,-0.92,K+,0.1,HCO3-,0.1,ion exchange membrane,,44.63691,3.13235,19.05228,37.10567,103.92721,,,
Cu2O,cube,carbon paper,85.3,-1.01,K+,0.1,HCO3-,0.1,ion exchange membrane,,44.01741,2.89283,7.97357,43.67892,98.56273,,,
Cu2O,cube,carbon paper,85.3,-1.1,K+,0.1,HCO3-,0.1,ion exchange membrane,,61.91701,0.395,0.70387,34.10788,97.12376,,,
Cu2O,nanoparticle ,carbon paper,92.9,-0.67,K+,0.1,HCO3-,0.1,ion exchange membrane,,61.2035,21.75509,12.77842,1.17412,96.91113,,,
Cu2O,nanoparticle ,carbon paper,92.9,-0.77,K+,0.1,HCO3-,0.1,ion exchange membrane,,36.69624,9.21004,5.87576,41.16742,92.94946,,,
Cu2O,nanoparticle ,carbon paper,92.9,-0.89,K+,0.1,HCO3-,0.1,ion exchange membrane,,34.27906,8.31773,8.93614,44.39463,95.92756,,,
Cu2O,nanoparticle ,carbon paper,92.9,-1.01,K+,0.1,HCO3-,0.1,ion exchange membrane,,55.9402,1.51226,0.49901,40.84411,98.79558,,,
Cu2O,nanoparticle ,carbon paper,92.9,-1.09,K+,0.1,HCO3-,0.1,ion exchange membrane,,74.0652,0.63784,0,26.35527,101.05831,,,
Cu,nanoparticle ,carbon paper,70,-0.69,K+,0.1,HCO3-,0.1,ion exchange membrane,,62.83559,15.42746,13.1083,0.70813,92.07948,,,
Cu,nanoparticle ,carbon paper,70,-0.81,K+,0.1,HCO3-,0.1,ion exchange membrane,,32.51599,22.9224,19.57599,22.97109,97.98547,,,
Cu,nanoparticle ,carbon paper,70,-0.94,K+,0.1,HCO3-,0.1,ion exchange membrane,,33.89732,9.59037,12.59426,38.11154,94.19349,,,
Cu,nanoparticle ,carbon paper,70,-1.04,K+,0.1,HCO3-,0.1,ion exchange membrane,,39.23169,1.89921,8.96719,43.15988,93.25797,,,
Cu,nanoparticle ,carbon paper,70,-1.12,K+,0.1,HCO3-,0.1,ion exchange membrane,,68.21901,0.44043,0.65844,27.74754,97.06542,,,
,,,,,,,,,,,,,,,,,,
,,,,,,,,,,,,,,,,,,
,,,,,,,,,,,,,,,,,,
,,,,,,,,,,,,,,,,,,
,,,,,,,,,,,,,,,,,,
,,,,,,,,,,,,,,,,,,
,,,,,,,,,,,,,,,,,,
,,,,,,,,,,,,,,,,,,
,,,,,,,,,,,,,,,,,,
