Active metal,Shape,Electrode support,Particle size (nm),Potential (V vs. RHE),Anion of Electrolyte ,[C] of Anion (M),Cation of Electrolyte ,[C] of Cation (M),Membrane,H2,CO,C1,C2+,sum,< 70,Paper
Cu2(OH)2CO3,Nanocrystal,Glassy carbon,11.81,-0.846,K+,0.1,HCO3-,0.1,Proton exchange membrane,24.4,19.6,26.265,29.74,100.005,FALSE,Structural evolution and strain generation of derived-Cu catalysts during CO2 electroreduction
Cu2(OH)2CO3,Nanocrystal,Glassy carbon,11.81,-0.926,K+,0.1,HCO3-,0.1,Proton exchange membrane,16.8,9.2,16.7245,57.2755,100,FALSE,
Cu2(OH)2CO3,Nanocrystal,Glassy carbon,11.81,-0.98,K+,0.1,HCO3-,0.1,Proton exchange membrane,15.2,6.8,15.7275,62.2725,100,FALSE,
Cu2(OH)2CO3,Nanocrystal,Glassy carbon,11.81,-1.05,K+,0.1,HCO3-,0.1,Proton exchange membrane,13.6,4,9.573,72.827,100,FALSE,
Cu2(OH)2CO3,Nanocrystal,Glassy carbon,11.81,-1.106,K+,0.1,HCO3-,0.1,Proton exchange membrane,10,2.4,17.2335,70.3665,100,FALSE,
Cu2(OH)2CO3,Nanocrystal,Glassy carbon,11.81,-1.172,K+,0.1,HCO3-,0.1,Proton exchange membrane,12,2,19.4905,66.5095,100,FALSE,
Cu(OH)2,Nanocrystal,Glassy carbon,11.72,-0.821,K+,0.1,HCO3-,0.1,Proton exchange membrane,18.8,28.4,27.64687,25.15313,100,FALSE,
Cu(OH)2,Nanocrystal,Glassy carbon,11.72,-0.918,K+,0.1,HCO3-,0.1,Proton exchange membrane,15.6,20.8,20.25551,43.34449,100,FALSE,
Cu(OH)2,Nanocrystal,Glassy carbon,11.72,-0.968,K+,0.1,HCO3-,0.1,Proton exchange membrane,16.4,16.8,16.83805,49.96195,100,FALSE,
Cu(OH)2,Nanocrystal,Glassy carbon,11.72,-1.084,K+,0.1,HCO3-,0.1,Proton exchange membrane,10.8,6,11.31634,71.88366,100,FALSE,
Cu(OH)2,Nanocrystal,Glassy carbon,11.72,-1.224,K+,0.1,HCO3-,0.1,Proton exchange membrane,20.4,4,7.73155,67.86845,100,FALSE,
CuxO,Nanocrystal,Glassy carbon,11.69,-0.851,K+,0.1,HCO3-,0.1,Proton exchange membrane,45.8,9.2,20.66527,24.33473,100,FALSE,
CuxO,Nanocrystal,Glassy carbon,11.69,-0.957,K+,0.1,HCO3-,0.1,Proton exchange membrane,36.14,4.02,12.45188,47.38812,100,FALSE,
CuxO,Nanocrystal,Glassy carbon,11.69,-1.051,K+,0.1,HCO3-,0.1,Proton exchange membrane,23.29,2.41,6.14455,68.15545,100,FALSE,
CuxO,Nanocrystal,Glassy carbon,11.69,-1.162,K+,0.1,HCO3-,0.1,Proton exchange membrane,0.257,27.043,4.05437,68.64563,100,FALSE,
CuxO,Nanocrystal,Glassy carbon,11.69,-1.245,K+,0.1,HCO3-,0.1,Proton exchange membrane,34.54,1.6,3.9178,59.9422,100,FALSE,
Cu,Nanowire,Glassy carbon,29,-0.808,K+,0.1,HCO3-,0.1,Proton exchange membrane,37.75,9.24,51.40562249,1.60437751,100,FALSE,
Cu,Nanowire,Glassy carbon,29,-0.958,K+,0.1,HCO3-,0.1,Proton exchange membrane,25.3,7.6,32.12851406,34.97148594,100,FALSE,
Cu,Nanowire,Glassy carbon,29,-1.029,K+,0.1,HCO3-,0.1,Proton exchange membrane,23.86,4.65,26.10441767,45.38558233,100,FALSE,
Cu,Nanowire,Glassy carbon,29,-1.06,K+,0.1,HCO3-,0.1,Proton exchange membrane,22.09,3.61,26.5060241,47.7939759,100,FALSE,
Cu,Nanowire,Glassy carbon,29,-1.101,K+,0.1,HCO3-,0.1,Proton exchange membrane,39.36,4.42,38.15261044,18.06738956,100,FALSE,
Cu,Nanoparticle,Cu,50,-1,K+,0.1,HCO3-,0.1,AnIon exchange membrane,20.088,15.066,46.079,18.767,100,FALSE,Steering surface reconstruction of copper with electrolyte additives for CO2 electroreduction
Cu,Nanoparticle,Glassy carbon,2.3,-1.1,K+,0.1,HCO3-,0.1,Glass frit,61.1,26.48,12.22,1.11,100.91,FALSE,Particle size effects in the catalytic electroreduction of CO2 on Cu Nanoparticles
Cu,Nanoparticle,Glassy carbon,4.8,-1.1,K+,0.1,HCO3-,0.1,Glass frit,68.15,12.04,15.74,4.44,100.37,FALSE,
Cu,Nanoparticle,Glassy carbon,6.7,-1.1,K+,0.1,HCO3-,0.1,Glass frit,69.81,20.74,9.815,0.185,100.55,FALSE,
Cu,Nanoparticle,Glassy carbon,13.1,-1.1,K+,0.1,HCO3-,0.1,Glass frit,64.26,20.56,6.852,8.333,100.005,FALSE,
Cu,Nanoparticle,Glassy carbon,15.1,-1.1,K+,0.1,HCO3-,0.1,Glass frit,59.81,25.55,12.96,2.222,100.542,FALSE,
Cu,Nanoparticle,Carbon paper,7,-0.8,K+,0.1,HCO3-,0.1,AnIon exchange membrane,34.68,10.95,10.07,44.3,100,FALSE,Operando studies reveal active Cu nanograins for CO2 electroreduction
Cu,Nanoparticle,Carbon paper,10,-0.8,K+,0.1,HCO3-,0.1,AnIon exchange membrane,46.97,13.73,12.1,27.2,100,FALSE,
Cu,Nanoparticle,Carbon paper,18,-0.8,K+,0.1,HCO3-,0.1,AnIon exchange membrane,47.35,21.82,23.93,6.9,100,FALSE,
Cu,Nanoparticle,Vulcan XC-72R,12,-1.6,K+,0.1,HCO3-,0.1,Proton exchange membrane,11.2195122,2.682926829,29.26829268,46.58536585,89.75609756,FALSE,CO2 electroreduction to hydrocarbons on carbon-supported Cu Nanoparticles
Cu,Nanoparticle,Vulcan XC-72R,12,-1.4,K+,0.1,HCO3-,0.1,Proton exchange membrane,15.36585366,4.390243902,15.12195122,43.41463415,78.29268293,FALSE,
Cu,Nanoparticle,Vulcan XC-72R,12,-1.2,K+,0.1,HCO3-,0.1,Proton exchange membrane,20.97560976,10.24390244,15.85365854,34.63414634,81.70731708,FALSE,
Cu,Nanoparticle,Vulcan XC-72R,12,-1,K+,0.1,HCO3-,0.1,Proton exchange membrane,29.51219512,20.24390244,1.219512195,10.97560976,61.95121952,TRUE,
Cu,Nanoparticle,Vulcan XC-72R,12,-0.8,K+,0.1,HCO3-,0.1,Proton exchange membrane,51.95121951,16.09756098,0,0,68.04878049,TRUE,
Cu,Nanoparticle,Vulcan XC-72R,12,-0.6,K+,0.1,HCO3-,0.1,Proton exchange membrane,72.68292683,15.12195122,0.975609756,0,88.78048781,FALSE,
Cu,Nanoparticle,single-wall carbon nanotubes,19,-1.6,K+,0.1,HCO3-,0.1,Proton exchange membrane,15.85365854,2.682926829,32.68292683,43.17073171,94.39024391,FALSE,
Cu,Nanoparticle,single-wall carbon nanotubes,19,-1.4,K+,0.1,HCO3-,0.1,Proton exchange membrane,21.2195122,3.902439024,29.75609756,35.6097561,90.48780488,FALSE,
Cu,Nanoparticle,single-wall carbon nanotubes,19,-1.2,K+,0.1,HCO3-,0.1,Proton exchange membrane,22.43902439,7.804878049,16.58536585,35.85365854,82.68292683,FALSE,
Cu,Nanoparticle,single-wall carbon nanotubes,19,-1,K+,0.1,HCO3-,0.1,Proton exchange membrane,39.51219512,18.04878049,1.219512195,15.6097561,74.39024391,FALSE,
Cu,Nanoparticle,single-wall carbon nanotubes,19,-0.8,K+,0.1,HCO3-,0.1,Proton exchange membrane,43.65853659,15.6097561,0,0,59.26829269,TRUE,
Cu,Nanoparticle,single-wall carbon nanotubes,19,-0.6,K+,0.1,HCO3-,0.1,Proton exchange membrane,83.65853659,9.268292683,0,0,92.92682927,FALSE,
Cu,Nanoparticle,Ketjen Black,24,-1.6,K+,0.1,HCO3-,0.1,Proton exchange membrane,14.3902439,2.195121951,42.92682927,33.90243902,93.41463414,FALSE,
Cu,Nanoparticle,Ketjen Black,24,-1.4,K+,0.1,HCO3-,0.1,Proton exchange membrane,16.58536585,3.414634146,28.53658537,34.14634146,82.68292683,FALSE,
Cu,Nanoparticle,Ketjen Black,24,-1.2,K+,0.1,HCO3-,0.1,Proton exchange membrane,27.56097561,3.902439024,13.41463415,15.12195122,60,TRUE,
Cu,Nanoparticle,Ketjen Black,24,-1,K+,0.1,HCO3-,0.1,Proton exchange membrane,42.09756098,14.87804878,4.634146341,8.292682927,69.90243903,TRUE,
Cu,Nanoparticle,Ketjen Black,24,-0.8,K+,0.1,HCO3-,0.1,Proton exchange membrane,50.24390244,5.365853659,1.219512195,0.243902439,57.07317073,TRUE,
Cu,Nanoparticle,Ketjen Black,24,-0.6,K+,0.1,HCO3-,0.1,Proton exchange membrane,86.82926829,8.048780488,0,0,94.87804878,FALSE,
Cu,Nanoparticle,Vulcan XC-72R,27,-1.6,K+,0.1,HCO3-,0.1,Proton exchange membrane,18.04878049,0.975609756,34.3902439,37.07317073,90.48780488,FALSE,
Cu,Nanoparticle,Vulcan XC-72R,27,-1.4,K+,0.1,HCO3-,0.1,Proton exchange membrane,19.51219512,2.926829268,34.14634146,32.43902439,89.02439024,FALSE,
Cu,Nanoparticle,Vulcan XC-72R,27,-1.2,K+,0.1,HCO3-,0.1,Proton exchange membrane,25.85365854,6.829268293,22.92682927,25.12195122,80.73170732,FALSE,
Cu,Nanoparticle,Vulcan XC-72R,27,-1,K+,0.1,HCO3-,0.1,Proton exchange membrane,49.02439024,10.73170732,1.463414634,3.902439024,65.12195122,TRUE,
Cu,Nanoparticle,Vulcan XC-72R,27,-0.8,K+,0.1,HCO3-,0.1,Proton exchange membrane,60.24390244,3.902439024,0,0,64.14634146,TRUE,
Cu,Nanoparticle,Vulcan XC-72R,27,-0.6,K+,0.1,HCO3-,0.1,Proton exchange membrane,83.65853659,0,0,0,83.65853659,FALSE,
Cu,Nanoparticle,Carbon paper,25,-0.49,K+,0.95,ClO4-,0.95,Proton exchange membrane,85.255,6.113333333,5.566666667,0.023333333,96.95833333,FALSE,Promoting Cu-catalysed CO2 electroreduction to multicarbon products by tuning the activity of H2O
Cu,Nanoparticle,Carbon paper,25,-0.58,K+,0.95,ClO4-,0.95,Proton exchange membrane,79.06333333,12.82,5.987666667,0.055,97.926,FALSE,
Cu,Nanoparticle,Carbon paper,25,-0.67,K+,0.95,ClO4-,0.95,Proton exchange membrane,67.59666667,23.03666667,7.922666667,0.177333333,98.73333334,FALSE,
Cu,Nanoparticle,Carbon paper,25,-0.75,K+,0.95,ClO4-,0.95,Proton exchange membrane,60.33372354,27.554,10.12333333,1.537,99.54805687,FALSE,
Cu,Nanoparticle,Carbon paper,25,-0.82,K+,0.95,ClO4-,0.95,Proton exchange membrane,34.94666667,35.39166667,18.24333333,9.513333333,98.095,FALSE,
Cu,Nanoparticle,Carbon paper,25,-0.88,K+,0.95,ClO4-,0.95,Proton exchange membrane,32.17733333,28.87166667,23.84033333,15.304,100.1933333,FALSE,
Cu,Nanoparticle,Carbon paper,25,-0.49,K+,5.38,ClO4-,5.38,Proton exchange membrane,76.24333333,11.03333333,11.81766667,0.373333333,99.46766666,FALSE,
Cu,Nanoparticle,Carbon paper,25,-0.58,K+,5.38,ClO4-,5.38,Proton exchange membrane,71.43333333,11.48766667,8.493333333,6.393333333,97.80766667,FALSE,
Cu,Nanoparticle,Carbon paper,25,-0.67,K+,5.38,ClO4-,5.38,Proton exchange membrane,52.34366667,18.42,14.28333333,5.683333333,90.73033333,FALSE,
Cu,Nanoparticle,Carbon paper,25,-0.75,K+,5.38,ClO4-,5.38,Proton exchange membrane,16.02,35.91333333,10.88,33.535,96.34833333,FALSE,
Cu,Nanoparticle,Carbon paper,25,-0.82,K+,5.38,ClO4-,5.38,Proton exchange membrane,8.606666667,16.47666667,7.183333333,65.93666667,98.20333334,FALSE,
Cu,Nanoparticle,Carbon paper,25,-0.88,K+,5.38,ClO4-,5.38,Proton exchange membrane,12.83,11.22333333,5.313333333,64.69,94.05666666,FALSE,
Cu,Nanoparticle,Carbon paper,25,-0.75,K+,0.95,ClO4-,0.95,Proton exchange membrane,60.33372354,27.554,10.12333333,1.537,99.54805687,FALSE,
Cu,Nanoparticle,Carbon paper,25,-0.75,K+,2.55,ClO4-,2.55,Proton exchange membrane,40.27,34.04,8.801,7.516666667,90.62766667,FALSE,
Cu,Nanoparticle,Carbon paper,25,-0.75,K+,3.89,ClO4-,3.89,Proton exchange membrane,22.53,33.09,10.29,28.47333333,94.38333333,FALSE,
Cu,Nanoparticle,Carbon paper,25,-0.75,K+,5.38,ClO4-,5.38,Proton exchange membrane,16.02,35.91333333,11.64,33.535,97.10833333,FALSE,
Cu,Nanoparticle,Carbon paper,25,-0.75,K+,6.33,ClO4-,6.33,Proton exchange membrane,24.955,23.13333333,8.365,35.84333333,92.29666666,FALSE,
Cu,Nanoparticle,Carbon paper,25,-0.75,K+,7.12,ClO4-,7.12,Proton exchange membrane,16,28.5,7.013333333,46.83,98.34333333,FALSE,
Cu,Nanoparticle,Carbon paper,25,-0.75,K+,7.99,ClO4-,7.99,Proton exchange membrane,19.01757426,24.9325,7.223333333,50.36,101.5334076,FALSE,
Cu,Nanoparticle,Carbon paper,25,-0.75,K+,8.49,ClO4-,8.49,Proton exchange membrane,10.12666667,18.685,9.266666667,57.40333333,95.48166667,FALSE,
Cu,Cube,Carbon paper,220,-1.12,K+,0.1,HCO3-,0.1,AnIon exchange membrane,35.35211268,0.845070423,54.92957746,8.309859155,99.43661972,FALSE,"Dynamic Changes in the Structure, Chemical State and Catalytic Selectivity of Cu NanoCubes during CO2 Electroreduction: Size and Support Effects"
Cu,Cube,Carbon paper,220,-1.05,K+,0.1,HCO3-,0.1,AnIon exchange membrane,28.45070423,3.098591549,42.11267606,25.77464789,99.43661973,FALSE,
Cu,Cube,Carbon paper,220,-0.98,K+,0.1,HCO3-,0.1,AnIon exchange membrane,10.14084507,23.8028169,43.52112676,22.95774648,100.4225352,FALSE,
Cu,Cube,Carbon paper,220,-0.88,K+,0.1,HCO3-,0.1,AnIon exchange membrane,40.14084507,14.92957746,42.53521127,2.112676056,99.71830986,FALSE,
Cu,Cube,Carbon paper,320,-1.12,K+,0.1,HCO3-,0.1,AnIon exchange membrane,19.12790698,2.48,75.62874251,12.49146789,109.7281174,FALSE,
Cu,Cube,Carbon paper,320,-1.05,K+,0.1,HCO3-,0.1,AnIon exchange membrane,8.343023256,5.68,71.44710579,21.75605798,107.226187,FALSE,
Cu,Cube,Carbon paper,320,-1,K+,0.1,HCO3-,0.1,AnIon exchange membrane,12.4127907,5.84,56.59680639,36.04215739,110.8917545,FALSE,
Cu,Cube,Carbon paper,320,-0.93,K+,0.1,HCO3-,0.1,AnIon exchange membrane,16.48255814,22.32,36.40718563,25.10437843,100.3141222,FALSE,
Cu,Cube,Carbon paper,320,-0.87,K+,0.1,HCO3-,0.1,AnIon exchange membrane,30.93023256,21.84,42.1756487,5.675675676,100.6215569,FALSE,
Cu,Cube,Carbon paper,580,-1.07,K+,0.1,HCO3-,0.1,AnIon exchange membrane,38.45930233,1.36,51.79640719,20.86275142,112.4784609,FALSE,
Cu,Cube,Carbon paper,580,-1.02,K+,0.1,HCO3-,0.1,AnIon exchange membrane,34.38953488,2.64,43.38323353,31.62261085,112.0353793,FALSE,
Cu,Cube,Carbon paper,580,-0.97,K+,0.1,HCO3-,0.1,AnIon exchange membrane,7.325581395,12.24,33.64271457,45.1674925,98.37578847,FALSE,
Cu,Cube,Carbon paper,580,-0.89,K+,0.1,HCO3-,0.1,AnIon exchange membrane,55.95930233,11.52,34.76047904,0.18018018,102.4199616,FALSE,
Cu,foam,Cu,35,-1,K+,0.5,HCO3-,0.5,Proton exchange membrane,35.89108911,4.702970297,3.712871287,41.58415842,85.89108911,FALSE,Morphology Matters: Tuning the Product Distribution of CO2 Electroreduction on Oxide-Derived Cu Foam Catalysts
Cu,foam,Cu,35,-0.9,K+,0.5,HCO3-,0.5,Proton exchange membrane,27.72277228,8.663366337,5.693069307,47.52475248,89.6039604,FALSE,
Cu,foam,Cu,35,-0.8,K+,0.5,HCO3-,0.5,Proton exchange membrane,14.85148515,15.0990099,6.188118812,53.96039604,90.0990099,FALSE,
Cu,foam,Cu,35,-0.7,K+,0.5,HCO3-,0.5,Proton exchange membrane,12.12871287,24.00990099,4.702970297,50.74257426,91.58415842,FALSE,
Cu,foam,Cu,35,-0.6,K+,0.5,HCO3-,0.5,Proton exchange membrane,20.79207921,34.65346535,5.940594059,29.7029703,91.08910892,FALSE,
Cu,foam,Cu,35,-0.5,K+,0.5,HCO3-,0.5,Proton exchange membrane,35.89108911,40.0990099,1.98019802,10.64356436,88.61386139,FALSE,
Cu,foam,Cu,35,-0.4,K+,0.5,HCO3-,0.5,Proton exchange membrane,49.00990099,38.11881188,0.841584158,3.712871287,91.68316832,FALSE,
Cu2(OH)2CO3,Nanoparticle,Carbon paper,100,-0.777,K+,1,OH-,1,AnIon exchange membrane,13.52542373,34.64373464,5.962325962,56.46226415,110.5937485,FALSE,Copper Electrocatalyst Produced by Cu2(OH)2CO3-Mediated In Situ Deposition for Diluted CO2 Reduction to Multicarbon Products
Cu2(OH)2CO3,Nanoparticle,Carbon paper,100,-0.977,K+,1,OH-,1,AnIon exchange membrane,12.44067797,25.55282555,5.356265356,60.09433962,103.4441085,FALSE,
Cu2(OH)2CO3,Nanoparticle,Carbon paper,100,-1.177,K+,1,OH-,1,AnIon exchange membrane,12.16949153,20.63882064,5.118755119,58.77358491,96.7006522,FALSE,
Cu2(OH)2CO3,Nanoparticle,Carbon paper,100,-1.377,K+,1,OH-,1,AnIon exchange membrane,12.16949153,19.16461916,3.108108108,60.4245283,94.8667471,FALSE,
Cu2(OH)2CO3,Nanoparticle,Carbon paper,100,-1.577,K+,1,OH-,1,AnIon exchange membrane,12.44067797,16.21621622,3.329238329,62.0754717,94.06160422,FALSE,
Cu,Nanoparticle,Glassy carbon,7.5,-1.1,K+,0.1,HCO3-,0.1,AnIon exchange membrane,25.2,2.1,38.3,27.4,93,FALSE,Tailoring Copper Nanocrystals towards C2 Products in Electrochemical CO2 Reduction
Cu,Nanoparticle,Glassy carbon,27,-1.1,K+,0.1,HCO3-,0.1,AnIon exchange membrane,47.6,3.1,34.4,15.5,100.6,FALSE,
Cu,Cube,Glassy carbon,24,-1.1,K+,0.1,HCO3-,0.1,AnIon exchange membrane,54.7,3.3,35,9.8,102.8,FALSE,
Cu,Cube,Glassy carbon,44,-1.1,K+,0.1,HCO3-,0.1,AnIon exchange membrane,20.5,2.1,28.7,46.4,97.7,FALSE,
Cu,Cube,Glassy carbon,63,-1.1,K+,0.1,HCO3-,0.1,AnIon exchange membrane,32.3,1.2,27.8,32.3,93.6,FALSE,
CuxO,Nanocrystal,Cu,29.9,-1.13,K+,0.1,HCO3-,0.1,AnIon exchange membrane,99.66072943,0,0.212044105,0,99.87277354,FALSE,Mechanistic insights into the selective electroreduction of carbon dioxide to ethylene on CuxO-derived copper catalysts
CuxO,Nanocrystal,Cu,29.9,-1.08,K+,0.1,HCO3-,0.1,AnIon exchange membrane,78.45631891,0,2.120441052,16.75148431,97.32824427,FALSE,
CuxO,Nanocrystal,Cu,29.9,-1.03,K+,0.1,HCO3-,0.1,AnIon exchange membrane,59.37234945,0,3.180661578,33.47413062,96.02714165,FALSE,
CuxO,Nanocrystal,Cu,29.9,-0.98,K+,0.1,HCO3-,0.1,AnIon exchange membrane,34.56318914,0.636132316,7.209499576,56.59202714,99.00084817,FALSE,
CuxO,Nanocrystal,Cu,29.9,-0.93,K+,0.1,HCO3-,0.1,AnIon exchange membrane,49.40627651,1.272264631,10.60220526,36.47158609,97.75233249,FALSE,
CuxO,Nanocrystal,Cu,29.9,-0.88,K+,0.1,HCO3-,0.1,AnIon exchange membrane,46.64970314,2.120441052,25.23324852,24.17302799,98.1764207,FALSE,
CuxO,Nanocrystal,Cu,29.9,-0.83,K+,0.1,HCO3-,0.1,AnIon exchange membrane,51.73876166,2.756573367,12.72264631,32.8668363,100.0848176,FALSE,
CuxO,Nanocrystal,Cu,29.9,-0.78,K+,0.1,HCO3-,0.1,AnIon exchange membrane,43.25699746,7.633587786,32.6547922,11.02629347,94.57167092,FALSE,
CuxO,Nanocrystal,Cu,29.9,-0.68,K+,0.1,HCO3-,0.1,AnIon exchange membrane,64.03731976,12.72264631,32.44274809,6.997455471,116.2001696,FALSE,
CuxO,Nanocrystal,Cu,18,-1.13,K+,0.1,HCO3-,0.1,AnIon exchange membrane,90.83969466,0,0.890585242,8.905852417,100.6361323,FALSE,
CuxO,Nanocrystal,Cu,18,-1.08,K+,0.1,HCO3-,0.1,AnIon exchange membrane,75.27671756,0,1.16889313,24.78053435,101.226145,FALSE,
CuxO,Nanocrystal,Cu,18,-1.03,K+,0.1,HCO3-,0.1,AnIon exchange membrane,53.16793893,0,1.335877863,44.94656489,99.45038168,FALSE,
CuxO,Nanocrystal,Cu,18,-0.98,K+,0.1,HCO3-,0.1,AnIon exchange membrane,45.15267176,0,3.183842239,49.46819338,97.80470738,FALSE,
CuxO,Nanocrystal,Cu,18,-0.93,K+,0.1,HCO3-,0.1,AnIon exchange membrane,42.12468193,1.959287532,15.18447837,38.94083969,98.20928752,FALSE,
CuxO,Nanocrystal,Cu,18,-0.88,K+,0.1,HCO3-,0.1,AnIon exchange membrane,47.69083969,3.085877863,13.46564885,37.3110687,101.5534351,FALSE,
CuxO,Nanocrystal,Cu,18,-0.83,K+,0.1,HCO3-,0.1,AnIon exchange membrane,53.25699746,4.920483461,12.73536896,27.49681934,98.40966922,FALSE,
CuxO,Nanocrystal,Cu,18,-0.78,K+,0.1,HCO3-,0.1,AnIon exchange membrane,49.16030534,5.888994911,28.67684478,14.59446565,98.32061068,FALSE,
CuxO,Nanocrystal,Cu,18,-0.68,K+,0.1,HCO3-,0.1,AnIon exchange membrane,51.65394402,11.88040712,25.82697201,10.07251908,99.43384223,FALSE,
CuxO,Nanocrystal,Cu,28.4,-1.13,K+,0.1,HCO3-,0.1,AnIon exchange membrane,100,0,0,0,100,FALSE,
CuxO,Nanocrystal,Cu,28.4,-1.08,K+,0.1,HCO3-,0.1,AnIon exchange membrane,82.97413793,0,1.077586207,15.34482759,99.39655173,FALSE,
CuxO,Nanocrystal,Cu,28.4,-1.03,K+,0.1,HCO3-,0.1,AnIon exchange membrane,75.86206897,0,1.293103448,23.55172414,100.7068966,FALSE,
CuxO,Nanocrystal,Cu,28.4,-0.98,K+,0.1,HCO3-,0.1,AnIon exchange membrane,52.15517241,0,4.094827586,44.28448276,100.5344828,FALSE,
CuxO,Nanocrystal,Cu,28.4,-0.93,K+,0.1,HCO3-,0.1,AnIon exchange membrane,43.96551724,0,4.956896552,51.75,100.6724138,FALSE,
CuxO,Nanocrystal,Cu,28.4,-0.88,K+,0.1,HCO3-,0.1,AnIon exchange membrane,37.28448276,1.077586207,3.879310345,57.86206897,100.1034483,FALSE,
CuxO,Nanocrystal,Cu,28.4,-0.83,K+,0.1,HCO3-,0.1,AnIon exchange membrane,39.65517241,1.077586207,4.310344828,55.18103448,100.2241379,FALSE,
CuxO,Nanocrystal,Cu,28.4,-0.78,K+,0.1,HCO3-,0.1,AnIon exchange membrane,53.01724138,5.387931034,14.87068966,27.15517241,100.4310345,FALSE,
CuxO,Nanocrystal,Cu,28.4,-0.68,K+,0.1,HCO3-,0.1,AnIon exchange membrane,39.65517241,12.06896552,26.07758621,21.71551724,99.51724138,FALSE,
CuxO,Nanocrystal,Cu,40.6,-1.08,K+,0.1,HCO3-,0.1,AnIon exchange membrane,96.7611336,0,0,2.226720648,98.98785425,FALSE,
CuxO,Nanocrystal,Cu,40.6,-1.03,K+,0.1,HCO3-,0.1,AnIon exchange membrane,81.37651822,0,0.4048583,15.36032389,97.14170041,FALSE,
CuxO,Nanocrystal,Cu,40.6,-0.98,K+,0.1,HCO3-,0.1,AnIon exchange membrane,89.06882591,0,0.809716599,9.311740891,99.1902834,FALSE,
CuxO,Nanocrystal,Cu,40.6,-0.93,K+,0.1,HCO3-,0.1,AnIon exchange membrane,72.67206478,0,1.214574899,18.82591093,92.71255061,FALSE,
CuxO,Nanocrystal,Cu,40.6,-0.88,K+,0.1,HCO3-,0.1,AnIon exchange membrane,69.23076923,0,1.619433198,18.62348178,89.47368421,FALSE,
CuxO,Nanocrystal,Cu,40.6,-0.83,K+,0.1,HCO3-,0.1,AnIon exchange membrane,56.07287449,0.931174089,1.821862348,39.40080972,98.22672065,FALSE,
CuxO,Nanocrystal,Cu,40.6,-0.78,K+,0.1,HCO3-,0.1,AnIon exchange membrane,56.88259109,2.024291498,15.58704453,27.73279352,102.2267206,FALSE,
CuxO,Nanocrystal,Cu,40.6,-0.68,K+,0.1,HCO3-,0.1,AnIon exchange membrane,54.048583,5.263157895,19.43319838,17.58704453,96.33198381,FALSE,
CuxO,Nanocrystal,Cu,25.4,-1.13,K+,0.1,HCO3-,0.1,AnIon exchange membrane,94.06071271,0.131984162,0.131984162,1.40783106,95.73251209,FALSE,
CuxO,Nanocrystal,Cu,25.4,-1.08,K+,0.1,HCO3-,0.1,AnIon exchange membrane,58.424989,0.131984162,0.791904971,31.54421469,90.89309282,FALSE,
CuxO,Nanocrystal,Cu,25.4,-1.03,K+,0.1,HCO3-,0.1,AnIon exchange membrane,41.04707435,0.131984162,3.431588209,56.36339639,100.9740431,FALSE,
CuxO,Nanocrystal,Cu,25.4,-0.98,K+,0.1,HCO3-,0.1,AnIon exchange membrane,36.64760229,0.791904971,4.751429828,57.00439947,99.19533656,FALSE,
CuxO,Nanocrystal,Cu,25.4,-0.93,K+,0.1,HCO3-,0.1,AnIon exchange membrane,37.96744391,1.671799384,6.511218654,53.14342279,99.29388474,FALSE,
CuxO,Nanocrystal,Cu,25.4,-0.88,K+,0.1,HCO3-,0.1,AnIon exchange membrane,46.32644083,3.211614606,15.53013638,33.90453146,98.97272328,FALSE,
CuxO,Nanocrystal,Cu,25.4,-0.83,K+,0.1,HCO3-,0.1,AnIon exchange membrane,67.22393313,2.331720194,13.55037396,22.96524417,106.0712715,FALSE,
CuxO,Nanocrystal,Cu,25.4,-0.78,K+,0.1,HCO3-,0.1,AnIon exchange membrane,54.90541135,6.95116586,21.90937088,16.80598328,100.5719314,FALSE,
CuxO,Nanocrystal,Cu,25.4,-0.68,K+,0.1,HCO3-,0.1,AnIon exchange membrane,61.72459305,13.33040035,24.98900132,2.947646282,102.991641,FALSE,
CuxO,Nanocrystal,Cu,18.2,-1.08,K+,0.1,HCO3-,0.1,AnIon exchange membrane,84.33476395,0,7.939914163,12.66094421,104.9356223,FALSE,
CuxO,Nanocrystal,Cu,18.2,-1.03,K+,0.1,HCO3-,0.1,AnIon exchange membrane,46.56652361,0,2.145922747,50.40772532,99.12017168,FALSE,
CuxO,Nanocrystal,Cu,18.2,-0.98,K+,0.1,HCO3-,0.1,AnIon exchange membrane,35.6223176,0.429184549,4.291845494,55.92274678,96.26609442,FALSE,
CuxO,Nanocrystal,Cu,18.2,-0.93,K+,0.1,HCO3-,0.1,AnIon exchange membrane,33.9055794,1.502145923,7.725321888,53.91845494,97.05150215,FALSE,
CuxO,Nanocrystal,Cu,18.2,-0.88,K+,0.1,HCO3-,0.1,AnIon exchange membrane,46.56652361,1.716738197,6.86695279,44.98283262,100.1330472,FALSE,
CuxO,Nanocrystal,Cu,18.2,-0.78,K+,0.1,HCO3-,0.1,AnIon exchange membrane,45.27896996,9.227467811,21.45922747,20.45064378,96.41630902,FALSE,
CuxO,Nanocrystal,Cu,18.2,-0.68,K+,0.1,HCO3-,0.1,AnIon exchange membrane,45.70815451,18.6695279,21.03004292,14.72103004,100.1287554,FALSE,
CuxO,Nanocrystal,Cu,21.8,-1.08,K+,0.1,HCO3-,0.1,AnIon exchange membrane,86.31346578,0,0,9.050772627,95.36423841,FALSE,
CuxO,Nanocrystal,Cu,21.8,-1.03,K+,0.1,HCO3-,0.1,AnIon exchange membrane,63.57615894,0,0.883002208,32.22958057,96.68874172,FALSE,
CuxO,Nanocrystal,Cu,21.8,-0.98,K+,0.1,HCO3-,0.1,AnIon exchange membrane,53.200883,0.220750552,1.103752759,41.12582781,95.65121412,FALSE,
CuxO,Nanocrystal,Cu,21.8,-0.93,K+,0.1,HCO3-,0.1,AnIon exchange membrane,39.73509934,0.883002208,6.622516556,53.09933775,100.3399559,FALSE,
CuxO,Nanocrystal,Cu,21.8,-0.88,K+,0.1,HCO3-,0.1,AnIon exchange membrane,43.70860927,1.766004415,5.960264901,47.16335541,98.598234,FALSE,
CuxO,Nanocrystal,Cu,21.8,-0.83,K+,0.1,HCO3-,0.1,AnIon exchange membrane,53.200883,1.766004415,9.713024283,33.99558499,98.67549669,FALSE,
CuxO,Nanocrystal,Cu,21.8,-0.78,K+,0.1,HCO3-,0.1,AnIon exchange membrane,50.77262693,4.194260486,17.21854305,23.3995585,95.58498897,FALSE,
CuxO,Nanocrystal,Cu,21.8,-0.68,K+,0.1,HCO3-,0.1,AnIon exchange membrane,52.09713024,10.37527594,17.66004415,17.06401766,97.19646799,FALSE,
CuxO,Nanocrystal,Cu,22,-1.08,K+,0.1,HCO3-,0.1,AnIon exchange membrane,100,0,0,1.927710843,101.9277108,FALSE,
CuxO,Nanocrystal,Cu,22,-1.03,K+,0.1,HCO3-,0.1,AnIon exchange membrane,64.3373494,0.481927711,0.963855422,29.87951807,95.6626506,FALSE,
CuxO,Nanocrystal,Cu,22,-0.98,K+,0.1,HCO3-,0.1,AnIon exchange membrane,62.40963855,0.481927711,3.373493976,34.93975904,101.2048193,FALSE,
CuxO,Nanocrystal,Cu,22,-0.93,K+,0.1,HCO3-,0.1,AnIon exchange membrane,41.20481928,0.722891566,3.614457831,50.46987952,96.0120482,FALSE,
CuxO,Nanocrystal,Cu,22,-0.88,K+,0.1,HCO3-,0.1,AnIon exchange membrane,50.84337349,0.963855422,12.04819277,34.45783133,98.31325301,FALSE,
CuxO,Nanocrystal,Cu,22,-0.83,K+,0.1,HCO3-,0.1,AnIon exchange membrane,57.8313253,0.963855422,7.469879518,35.90361446,102.1686747,FALSE,
CuxO,Nanocrystal,Cu,22,-0.78,K+,0.1,HCO3-,0.1,AnIon exchange membrane,61.92771084,2.409638554,9.156626506,30.60240964,104.0963855,FALSE,
CuxO,Nanocrystal,Cu,22,-0.68,K+,0.1,HCO3-,0.1,AnIon exchange membrane,40.24096386,9.879518072,23.61445783,26.97590361,100.7108434,FALSE,
CuxO,Nanocrystal,Cu,33.1,-1.08,K+,0.1,HCO3-,0.1,AnIon exchange membrane,93.99141631,0,0.429184549,7.510729614,101.9313305,FALSE,
CuxO,Nanocrystal,Cu,33.1,-1.03,K+,0.1,HCO3-,0.1,AnIon exchange membrane,77.25321888,0.214592275,0.429184549,17.8111588,95.7081545,FALSE,
CuxO,Nanocrystal,Cu,33.1,-0.98,K+,0.1,HCO3-,0.1,AnIon exchange membrane,59.65665236,0.429184549,1.287553648,37.25321888,98.62660944,FALSE,
CuxO,Nanocrystal,Cu,33.1,-0.93,K+,0.1,HCO3-,0.1,AnIon exchange membrane,54.93562232,1.287553648,2.575107296,39.39914163,98.19742489,FALSE,
CuxO,Nanocrystal,Cu,33.1,-0.88,K+,0.1,HCO3-,0.1,AnIon exchange membrane,46.99570815,1.072961373,5.364806867,42.91845494,96.35193133,FALSE,
CuxO,Nanocrystal,Cu,33.1,-0.83,K+,0.1,HCO3-,0.1,AnIon exchange membrane,46.78111588,1.716738197,9.442060086,39.91416309,97.85407725,FALSE,
CuxO,Nanocrystal,Cu,33.1,-0.78,K+,0.1,HCO3-,0.1,AnIon exchange membrane,52.14592275,2.789699571,14.16309013,26.60944206,95.70815451,FALSE,
CuxO,Nanocrystal,Cu,33.1,-0.68,K+,0.1,HCO3-,0.1,AnIon exchange membrane,47.4248927,7.510729614,24.67811159,18.87553648,98.48927038,FALSE,
CuxO,Nanocrystal,Cu,36.1,-1.08,K+,0.1,HCO3-,0.1,AnIon exchange membrane,96.17117117,0,0,2.702702703,98.87387387,FALSE,
CuxO,Nanocrystal,Cu,36.1,-1.03,K+,0.1,HCO3-,0.1,AnIon exchange membrane,56.08108108,0,0.675675676,43.45945946,100.2162162,FALSE,
CuxO,Nanocrystal,Cu,36.1,-0.98,K+,0.1,HCO3-,0.1,AnIon exchange membrane,46.3963964,0.225225225,2.252252252,51.03603604,99.90990992,FALSE,
CuxO,Nanocrystal,Cu,36.1,-0.93,K+,0.1,HCO3-,0.1,AnIon exchange membrane,36.48648649,1.351351351,3.828828829,54.66666667,96.33333334,FALSE,
CuxO,Nanocrystal,Cu,36.1,-0.88,K+,0.1,HCO3-,0.1,AnIon exchange membrane,53.6036036,0.900900901,6.081081081,37.65765766,98.24324324,FALSE,
CuxO,Nanocrystal,Cu,36.1,-0.83,K+,0.1,HCO3-,0.1,AnIon exchange membrane,61.48648649,1.126126126,6.081081081,34.23423423,102.9279279,FALSE,
CuxO,Nanocrystal,Cu,36.1,-0.78,K+,0.1,HCO3-,0.1,AnIon exchange membrane,57.20720721,2.702702703,9.234234234,31.52252252,100.6666667,FALSE,
CuxO,Nanocrystal,Cu,36.1,-0.68,K+,0.1,HCO3-,0.1,AnIon exchange membrane,54.05405405,2.702702703,12.16216216,30.47747748,99.39639639,FALSE,
Cu,Nanoparticle,Glassy carbon,7,-0.95,K+,0.1,HCO3-,0.1,Ion exchange membrane,42.71047228,6.735112936,13.14168378,0,62.587269,TRUE,Morphological evolution in the absence of carbon dioxide
Cu,Nanoparticle,Glassy carbon,7,-1.05,K+,0.1,HCO3-,0.1,Ion exchange membrane,20.20533881,3.613963039,45.66735113,3.942505133,73.42915811,FALSE,
Cu,Nanoparticle,Glassy carbon,7,-1.15,K+,0.1,HCO3-,0.1,Ion exchange membrane,13.30595483,2.135523614,64.55852156,4.928131417,84.92813142,FALSE,
Cu,Nanoparticle,Glassy carbon,7,-1.25,K+,0.1,HCO3-,0.1,Ion exchange membrane,12.32032854,1.149897331,69.32238193,3.285420945,86.07802875,FALSE,
Cu,Nanoparticle,Glassy carbon,7,-1.35,K+,0.1,HCO3-,0.1,Ion exchange membrane,24.47638604,0.821355236,76.38603696,2.628336756,104.312115,FALSE,
Cu,Nanoparticle,Glassy carbon,7,-1.45,K+,0.1,HCO3-,0.1,Ion exchange membrane,26.11909651,0.164271047,64.39425051,1.478439425,92.15605749,FALSE,
Cu,Needle,Cu,335,-1,K+,0.1,HCO3-,0.1,Proton exchange membrane,37.79527559,9.448818898,17.84776903,34.90813648,100,FALSE,Vertical Cu NanoNeedle Arrays Enhance the Local Electric Field Promoting C2 Hydrocarbons in the CO2 Electroreduction
Cu,Needle,Cu,335,-1.2,K+,0.1,HCO3-,0.1,Proton exchange membrane,20.99737533,1.837270341,17.58530184,59.58005249,100,FALSE,
Cu,Needle,Cu,335,-1.4,K+,0.1,HCO3-,0.1,Proton exchange membrane,22.04724409,1.837270341,27.55905512,48.55643045,100,FALSE,
Cu,Needle,Cu,335,-1.6,K+,0.1,HCO3-,0.1,Proton exchange membrane,35.17060367,2.624671916,41.99475066,20.20997375,100,FALSE,
Cu2S,Core-shell,Glassy carbon,8,-0.85,K+,0.1,HCO3-,0.1,AnIon exchange membrane,15.8,16.5,66,0,98.3,FALSE,Steering post-C-C coupling selectivity enables high efficiency electroreduction of carbon dioxide to multi-carbon alcohols
Cu2S,Core-shell,Glassy carbon,8,-0.9,K+,0.1,HCO3-,0.1,AnIon exchange membrane,16.8,10.5,61.4,8.2,96.9,FALSE,
Cu2S,Core-shell,Glassy carbon,8,-0.95,K+,0.1,HCO3-,0.1,AnIon exchange membrane,13.8,3.5,31.1,50.8,99.2,FALSE,
Cu2S,Core-shell,Glassy carbon,8,-1,K+,0.1,HCO3-,0.1,AnIon exchange membrane,18.5,1.5,29.3,48.5,97.8,FALSE,
Cu2S,Core-shell,Glassy carbon,8,-1.05,K+,0.1,HCO3-,0.1,AnIon exchange membrane,29.8,0.5,19.8,42.4,92.5,FALSE,
Cu2S,Core-shell,Glassy carbon,8,-1.1,K+,0.1,HCO3-,0.1,AnIon exchange membrane,35.5,0,19.4,46.7,101.6,FALSE,
Cu2S,Core-shell,Glassy carbon,8,-1.15,K+,0.1,HCO3-,0.1,AnIon exchange membrane,41.8,0,6,37.3,85.1,FALSE,
CuxO,Sheet,Cu,100,-0.6,K+,0.1,HCO3-,0.1,Proton exchange membrane,36.15702479,10.74380165,29.75206612,23.3481153,100.0010079,FALSE,A strategy to control the grain boundary density and Cu+/Cu0 ratio of Cu-based catalysts for efficient electroreduction of CO2 to C2 products
CuxO,Sheet,Cu,100,-0.7,K+,0.1,HCO3-,0.1,Proton exchange membrane,30.78512397,8.47107438,28.51239669,32.02882483,99.79741987,FALSE,
CuxO,Sheet,Cu,100,-0.8,K+,0.1,HCO3-,0.1,Proton exchange membrane,24.38016529,5.991735537,25.20661157,44.1518847,99.7303971,FALSE,
CuxO,Sheet,Cu,100,-0.9,K+,0.1,HCO3-,0.1,Proton exchange membrane,15.70247934,4.752066116,14.87603306,64.50665188,99.8372304,FALSE,
CuxO,Sheet,Cu,100,-1,K+,0.1,HCO3-,0.1,Proton exchange membrane,27.27272727,4.132231405,16.94214876,51.63525499,99.98236243,FALSE,
CuxO,Sheet,Cu,100,-1.1,K+,0.1,HCO3-,0.1,Proton exchange membrane,41.94214876,2.892561983,14.87603306,39.96119734,99.67194114,FALSE,
CuxO,Sheet,Cu,100,-1.2,K+,0.1,HCO3-,0.1,Proton exchange membrane,54.33884298,1.446280992,11.98347107,31.87915743,99.64775247,FALSE,
Cu,Nanoparticle,Vulcan Carbon,9,-2.2,K+,0.1,HCO3-,0.1,Proton exchange membrane,9.770762871,3.006388576,45.09582864,35.13716648,93.01014657,FALSE,Effect of nanostructured carbon support on copper electrocatalytic activity toward CO2 electroreduction to hydrocarbon fuels
Cu,Nanoparticle,Vulcan Carbon,9,-2,K+,0.1,HCO3-,0.1,Proton exchange membrane,20.48102217,3.945885006,44.53213078,29.87598647,98.83502443,FALSE,
Cu,Nanoparticle,Vulcan Carbon,9,-1.8,K+,0.1,HCO3-,0.1,Proton exchange membrane,20.85682074,10.14656144,24.99060504,40.02254791,96.01653513,FALSE,
Cu,Nanoparticle,Vulcan Carbon,9,-1.6,K+,0.1,HCO3-,0.1,Proton exchange membrane,30.25178504,22.54791432,7.328072153,20.1052236,80.23299511,FALSE,
Cu,Nanoparticle,Vulcan Carbon,9,-1.4,K+,0.1,HCO3-,0.1,Proton exchange membrane,50.9207065,7.703870725,1.87899286,0.375798572,60.87936866,TRUE,
Cu,Nanoparticle,Reduced graphene oxide,13,-2.2,K+,0.1,HCO3-,0.1,Proton exchange membrane,18.33333333,7.586206897,30.55555556,35.40229885,91.87739464,FALSE,
Cu,Nanoparticle,Reduced graphene oxide,13,-2,K+,0.1,HCO3-,0.1,Proton exchange membrane,14.54022989,4.636015326,43.62068966,48.46743295,111.2643678,FALSE,
Cu,Nanoparticle,Reduced graphene oxide,13,-1.8,K+,0.1,HCO3-,0.1,Proton exchange membrane,21.91570881,6.53256705,8.850574713,61.11111111,98.40996168,FALSE,
Cu,Nanoparticle,Reduced graphene oxide,13,-1.6,K+,0.1,HCO3-,0.1,Proton exchange membrane,22.96934866,8.218390805,1.264367816,32.45210728,64.90421456,TRUE,
Cu,Nanoparticle,Reduced graphene oxide,13,-1.4,K+,0.1,HCO3-,0.1,Proton exchange membrane,63.63984674,23.18007663,0,1.264367816,88.08429119,FALSE,
Cu,Nanoparticle,Onion-like carbon,15,-2.2,K+,0.1,HCO3-,0.1,Proton exchange membrane,83.74587459,12.9950495,8.45709571,1.443894389,106.6419142,FALSE,
Cu,Nanoparticle,Onion-like carbon,15,-2,K+,0.1,HCO3-,0.1,Proton exchange membrane,73.01980198,4.331683168,9.282178218,4.125412541,90.75907591,FALSE,
Cu,Nanoparticle,Onion-like carbon,15,-1.8,K+,0.1,HCO3-,0.1,Proton exchange membrane,35.27227723,18.97689769,19.8019802,27.02145215,101.0726073,FALSE,
Cu,Nanoparticle,Onion-like carbon,15,-1.6,K+,0.1,HCO3-,0.1,Proton exchange membrane,32.38448845,22.0709571,1.650165017,14.23267327,70.33828384,FALSE,
Cu,Nanoparticle,Onion-like carbon,15,-1.4,K+,0.1,HCO3-,0.1,Proton exchange membrane,59.61221122,14.23267327,0,0,73.84488449,FALSE,
Cu,Nanocrystal,Cu,4,-1.14,K+,0.1,HCO3-,0.1,Proton exchange membrane,44.02173913,0.489130435,7.826086957,40.59782609,92.93478261,FALSE,Emergence of Potential-Controlled Cu-Nanocuboids and Graphene-Covered Cu-Nanocuboids under Operando CO2 Electroreduction
Cu,Nanocrystal,Cu,4,-1.04,K+,0.1,HCO3-,0.1,Proton exchange membrane,33.99456522,1.222826087,22.01086957,44.02173913,101.25,FALSE,
Cu,Nanocrystal,Cu,4,-0.94,K+,0.1,HCO3-,0.1,Proton exchange membrane,33.26086957,5.135869565,39.86413043,4.64673913,82.9076087,FALSE,
Cu,Nanocrystal,Cu,4,-0.84,K+,0.1,HCO3-,0.1,Proton exchange membrane,47.69021739,10.51630435,34.23913043,0,92.44565217,FALSE,
Cu,Nanocrystal,Cu,4,-0.74,K+,0.1,HCO3-,0.1,Proton exchange membrane,56.98369565,5.380434783,13.94021739,0,76.30434782,FALSE,
Cu,Nanocrystal,Cu,4,-0.64,K+,0.1,HCO3-,0.1,Proton exchange membrane,84.375,4.64673913,17.85326087,0,106.875,FALSE,
CuxO,Cube,Carbon paper,85.3,-0.63,K+,0.1,HCO3-,0.1,Ion exchange membrane,38.50596,13.3688,15.16696,36.82985,103.87157,FALSE,Exploring the influence of cell configurations on Cu catalyst reconstruction during CO2 electroreduction
CuxO,Cube,Carbon paper,85.3,-0.78,K+,0.1,HCO3-,0.1,Ion exchange membrane,40.4613,4.59396,37.90443,34.59035,117.55004,FALSE,
CuxO,Cube,Carbon paper,85.3,-0.92,K+,0.1,HCO3-,0.1,Ion exchange membrane,44.63691,3.13235,19.05228,37.10567,103.92721,FALSE,
CuxO,Cube,Carbon paper,85.3,-1.01,K+,0.1,HCO3-,0.1,Ion exchange membrane,44.01741,2.89283,7.97357,43.67892,98.56273,FALSE,
CuxO,Cube,Carbon paper,85.3,-1.1,K+,0.1,HCO3-,0.1,Ion exchange membrane,61.91701,0.395,0.70387,34.10788,97.12376,FALSE,
CuxO,Nanoparticle ,Carbon paper,92.9,-0.67,K+,0.1,HCO3-,0.1,Ion exchange membrane,61.2035,21.75509,12.77842,1.17412,96.91113,FALSE,
CuxO,Nanoparticle ,Carbon paper,92.9,-0.77,K+,0.1,HCO3-,0.1,Ion exchange membrane,36.69624,9.21004,5.87576,41.16742,92.94946,FALSE,
CuxO,Nanoparticle ,Carbon paper,92.9,-0.89,K+,0.1,HCO3-,0.1,Ion exchange membrane,34.27906,8.31773,8.93614,44.39463,95.92756,FALSE,
CuxO,Nanoparticle ,Carbon paper,92.9,-1.01,K+,0.1,HCO3-,0.1,Ion exchange membrane,55.9402,1.51226,0.49901,40.84411,98.79558,FALSE,
CuxO,Nanoparticle ,Carbon paper,92.9,-1.09,K+,0.1,HCO3-,0.1,Ion exchange membrane,74.0652,0.63784,0,26.35527,101.05831,FALSE,
Cu,Nanoparticle ,Carbon paper,70,-0.69,K+,0.1,HCO3-,0.1,Ion exchange membrane,62.83559,15.42746,13.1083,0.70813,92.07948,FALSE,
Cu,Nanoparticle ,Carbon paper,70,-0.81,K+,0.1,HCO3-,0.1,Ion exchange membrane,32.51599,22.9224,19.57599,22.97109,97.98547,FALSE,
Cu,Nanoparticle ,Carbon paper,70,-0.94,K+,0.1,HCO3-,0.1,Ion exchange membrane,33.89732,9.59037,12.59426,38.11154,94.19349,FALSE,
Cu,Nanoparticle ,Carbon paper,70,-1.04,K+,0.1,HCO3-,0.1,Ion exchange membrane,39.23169,1.89921,8.96719,43.15988,93.25797,FALSE,
Cu,Nanoparticle ,Carbon paper,70,-1.12,K+,0.1,HCO3-,0.1,Ion exchange membrane,68.21901,0.44043,0.65844,27.74754,97.06542,FALSE,
CuxO,Nanocrystal,Cu,10,-0.72,K+,0.1,HCO3-,0.1,Proton exchange membrane,73.97350993,5.321336761,0.461538462,2.081081081,81.83746623,FALSE,Investigating the Origin of Enhanced C2+ Selectivity in Oxide-/Hydroxide-Derived Copper Electrodes during CO2 Electroreduction
CuxO,Nanocrystal,Cu,10,-0.87,K+,0.1,HCO3-,0.1,Proton exchange membrane,35.23178808,7.866323907,0.461538462,30.45945946,74.01910991,FALSE,
CuxO,Nanocrystal,Cu,10,-0.9,K+,0.1,HCO3-,0.1,Proton exchange membrane,37.54966887,4.164524422,3.538461538,36.7027027,81.95535753,FALSE,
CuxO,Nanocrystal,Cu,10,-1.1,K+,0.1,HCO3-,0.1,Proton exchange membrane,28.11258278,0.879177378,4.769230769,60.54054054,94.30153147,FALSE,
CuxO,Nanocrystal,Cu,10,-1.05,K+,0.1,HCO3-,0.1,Proton exchange membrane,21.65562914,1.249357326,2.923076923,68.2972973,94.12536069,FALSE,
CuxO,Nanocrystal,Cu,10,-1.09,K+,0.1,HCO3-,0.1,Proton exchange membrane,30.92715232,0.925449871,5.230769231,66.97297297,104.0563444,FALSE,
CuxO,Nanocrystal,Cu,10,-1.21,K+,0.1,HCO3-,0.1,Proton exchange membrane,31.09271523,0.925449871,13.23076923,57.89189189,103.1408262,FALSE,
Cu(OH)2,Needle,Cu,10,-0.72,K+,0.1,HCO3-,0.1,Proton exchange membrane,55.92715232,8.329048843,0.615384615,4.72972973,69.60131551,TRUE,
Cu(OH)2,Needle,Cu,10,-0.83,K+,0.1,HCO3-,0.1,Proton exchange membrane,46.82119205,8.005141388,0.307692308,17.40540541,72.53943116,FALSE,
Cu(OH)2,Needle,Cu,10,-0.93,K+,0.1,HCO3-,0.1,Proton exchange membrane,36.05960265,4.395886889,0.461538462,42,82.917028,FALSE,
Cu(OH)2,Needle,Cu,10,-1,K+,0.1,HCO3-,0.1,Proton exchange membrane,29.27152318,2.730077121,2.461538462,49,83.46313876,FALSE,
Cu(OH)2,Needle,Cu,10,-1.03,K+,0.1,HCO3-,0.1,Proton exchange membrane,27.1192053,1.434447301,1.538461538,62.43243243,92.52454657,FALSE,
Cu(OH)2,Needle,Cu,10,-1.12,K+,0.1,HCO3-,0.1,Proton exchange membrane,30.59602649,0.925449871,3.076923077,58.83783784,93.43623728,FALSE,
Cu(OH)2,Needle,Cu,10,-1.17,K+,0.1,HCO3-,0.1,Proton exchange membrane,27.1192053,1.017994859,2.307692308,62.43243243,92.8773249,FALSE,
CuxO,Cube,Carbon paper,112,-0.45,K+,0.5,HCO3-,0.5,AnIon exchange membrane,36.6652117,24.00698385,7.420340463,26.40768223,94.50021824,FALSE,Selective Increase in CO2 Electroreduction to Ethanol Activity at Nanograin-Boundary-Rich Mixed Cu(I)/Cu(0) Sites via Enriching Co-Adsorbed CO and Hydroxyl Species
CuxO,Cube,Carbon paper,112,-0.55,K+,0.5,HCO3-,0.5,AnIon exchange membrane,27.06241816,22.4792667,9.384548232,36.6652117,95.59144479,FALSE,
CuxO,Cube,Carbon paper,112,-0.65,K+,0.5,HCO3-,0.5,AnIon exchange membrane,23.78873854,14.84068093,10.03928416,48.88694893,97.55565256,FALSE,
CuxO,Cube,Carbon paper,112,-0.75,K+,0.5,HCO3-,0.5,AnIon exchange membrane,20.29681362,10.03928416,7.202095155,61.76342209,99.30161503,FALSE,
CuxO,Cube,Carbon paper,112,-0.85,K+,0.5,HCO3-,0.5,AnIon exchange membrane,23.78873854,8.293321694,6.983849847,58.48974247,97.55565255,FALSE,
CuxO,Cube,Carbon paper,112,-0.95,K+,0.5,HCO3-,0.5,AnIon exchange membrane,30.55434308,7.202095155,5.674378001,54.77957224,98.21038848,FALSE,
CuxO,Cube,Carbon paper,112,-1.05,K+,0.5,HCO3-,0.5,AnIon exchange membrane,38.19292885,5.892623309,5.892623309,49.10519424,99.08336971,FALSE,
CuxO,Cube,Carbon paper,112,-1.15,K+,0.5,HCO3-,0.5,AnIon exchange membrane,45.39502401,5.674378001,4.80139677,43.21257093,99.08336971,FALSE,
CuxO,Cube,Carbon paper,112,-1.25,K+,0.5,HCO3-,0.5,AnIon exchange membrane,51.72413793,4.583151462,2.837189,39.06591008,98.21038847,FALSE,
Cu,Nano-octahedra,Glassy carbon,75,-1.15,K+,0.1,HCO3-,0.1,AnIon exchange membrane,37.84886416,15.29902643,36.85674548,9.040333797,99.04496987,FALSE,Size dependent selectivity of Cu Nano-octahedra catalysts for the electrochemical reduction of CO2 to CH4
Cu,Nano-octahedra,Glassy carbon,75,-1.25,K+,0.1,HCO3-,0.1,AnIon exchange membrane,26.72229949,1.159017153,57.95085767,12.28558183,98.11775614,FALSE,
Cu,Nano-octahedra,Glassy carbon,75,-1.35,K+,0.1,HCO3-,0.1,AnIon exchange membrane,41.55771905,1.159017153,44.73806212,4.404265183,91.85906351,FALSE,
Cu,Nano-octahedra,Glassy carbon,150,-1.15,K+,0.1,HCO3-,0.1,AnIon exchange membrane,71.69216504,7.185906351,17.15345387,1.390820584,97.42234585,FALSE,
Cu,Nano-octahedra,Glassy carbon,150,-1.25,K+,0.1,HCO3-,0.1,AnIon exchange membrane,39.47148818,3.708854891,44.73806212,7.185906351,95.10431154,FALSE,
Cu,Nano-octahedra,Glassy carbon,150,-1.35,K+,0.1,HCO3-,0.1,AnIon exchange membrane,60.56560037,3.24524803,28.04821511,1.622624015,93.48168753,FALSE,
Cu,Nano-octahedra,Glassy carbon,310,-1.15,K+,0.1,HCO3-,0.1,AnIon exchange membrane,86.52758461,2.086230876,2.086230876,0.927213723,91.62726009,FALSE,
Cu,Nano-octahedra,Glassy carbon,310,-1.25,K+,0.1,HCO3-,0.1,AnIon exchange membrane,84.90496059,1.854427446,3.940658322,0.695410292,91.39545665,FALSE,
Cu,Nano-octahedra,Glassy carbon,310,-1.35,K+,0.1,HCO3-,0.1,AnIon exchange membrane,65.43347242,2.549837738,17.15345387,1.390820584,86.52758461,FALSE,
CuxO,Nanoparticle,Cu,75,-0.64,K+,0.5,HCO3-,0.5,Ion exchange membrane,64.1,4.5,27.1,0,95.7,FALSE,Electroreduction of CO2 to Formate on a Copper-Based Electrocatalyst at High Pressures with High Energy Conversion Efficiency
CuxO,Nanoparticle,Cu,75,-0.84,K+,0.5,HCO3-,0.5,Ion exchange membrane,65.5,3.5,19.4,5.2,93.6,FALSE,
CuxO,Nanoparticle,Cu,75,-1.04,K+,0.5,HCO3-,0.5,Ion exchange membrane,68.9,2,25,6.9,102.8,FALSE,
CuxO,Nanoparticle,Cu,75,-1.24,K+,0.5,HCO3-,0.5,Ion exchange membrane,77.8,0.3,17.1,5.7,100.9,FALSE,
Cu,Nanowire,Cu,25,-0.195,K+,0.1,HCO3-,0.1,AnIon exchange membrane,63,30,7,0,100,FALSE,Mechanistic Insights for Low-Overpotential Electroreduction of CO2 to CO on Copper Nanowires
Cu,Nanowire,Cu,25,-0.295,K+,0.1,HCO3-,0.1,AnIon exchange membrane,29,62,9,0,100,FALSE,
Cu,Nanowire,Cu,25,-0.395,K+,0.1,HCO3-,0.1,AnIon exchange membrane,30,62,8,0,100,FALSE,
Cu,Nanowire,Cu,25,-0.495,K+,0.1,HCO3-,0.1,AnIon exchange membrane,19,54,25,2,100,FALSE,
Cu,Nanowire,Cu,36,-0.495,K+,0.1,HCO3-,0.1,AnIon exchange membrane,77.02407002,21.76724138,16.39240506,0.45,115.6337165,FALSE,
Cu,Nanowire,Cu,36,-0.395,K+,0.1,HCO3-,0.1,AnIon exchange membrane,68.05251641,24.78448276,9.113924051,0,101.9509232,FALSE,
Cu,Nanowire,Cu,36,-0.295,K+,0.1,HCO3-,0.1,AnIon exchange membrane,66.52078775,23.70689655,4.113924051,0,94.34160835,FALSE,
Cu,Nanowire,Cu,36,-0.195,K+,0.1,HCO3-,0.1,AnIon exchange membrane,89.49671772,17.45689655,1.898734177,0,108.8523484,FALSE,
Cu,Nanowire,Cu,31,-0.495,K+,0.1,HCO3-,0.1,AnIon exchange membrane,70.89715536,12.5,9.367088608,0.2,92.96424397,FALSE,
Cu,Nanowire,Cu,31,-0.395,K+,0.1,HCO3-,0.1,AnIon exchange membrane,76.1487965,9.913793103,6.139240506,0,92.20183011,FALSE,
Cu,Nanowire,Cu,31,-0.295,K+,0.1,HCO3-,0.1,AnIon exchange membrane,67.61487965,7.974137931,3.670886076,0,79.25990366,FALSE,
Cu,Nanowire,Cu,31,-0.195,K+,0.1,HCO3-,0.1,AnIon exchange membrane,66.30196937,4.956896552,7.151898734,0,78.41076466,FALSE,
Cu,Nanowire,Cu,47,-0.495,K+,0.1,HCO3-,0.1,AnIon exchange membrane,87.30853392,6.034482759,3.291139241,0,96.63415592,FALSE,
Cu,Nanowire,Cu,47,-0.395,K+,0.1,HCO3-,0.1,AnIon exchange membrane,74.83588621,3.663793103,1.64556962,0,80.14524893,FALSE,
Cu,Nanowire,Cu,47,-0.295,K+,0.1,HCO3-,0.1,AnIon exchange membrane,76.80525164,2.586206897,0.632911392,0,80.02436993,FALSE,
Cu,Nanowire,Cu,47,-0.195,K+,0.1,HCO3-,0.1,AnIon exchange membrane,73.96061269,2.586206897,0,0,76.54681959,FALSE,
Cu,Nanowire,Cu,54,-0.495,K+,0.1,HCO3-,0.1,AnIon exchange membrane,87.30853392,3.017241379,7.151898734,0,97.47767403,FALSE,
Cu,Nanowire,Cu,54,-0.395,K+,0.1,HCO3-,0.1,AnIon exchange membrane,85.33916849,2.370689655,6.518987342,0,94.22884549,FALSE,
Cu,Nanowire,Cu,54,-0.295,K+,0.1,HCO3-,0.1,AnIon exchange membrane,97.37417943,1.077586207,4.683544304,0,103.1353099,FALSE,
Cu,Nanoparticle,Carbon paper,6.7,-0.87,K+,0.1,HCO3-,0.1,AnIon exchange membrane,61.2,10.5,16.2,12.1,100,FALSE,Copper Nanoparticle ensembles for selective electroreduction of CO2 to C2姣廋3 products
Cu,Cube,Carbon plate,25,-0.57,K+,0.1,HCO3-,0.1,AnIon exchange membrane,73.6,15.2,6.4,4.8,100,FALSE,
Cu,Cube,Carbon plate,25,-0.66,K+,0.1,HCO3-,0.1,AnIon exchange membrane,56.7,18.2,14.6,10.5,100,FALSE,
Cu,Cube,Carbon plate,25,-0.75,K+,0.1,HCO3-,0.1,AnIon exchange membrane,49.3,14.3,13.6,22.7,99.9,FALSE,
Cu,Cube,Carbon plate,25,-0.78,K+,0.1,HCO3-,0.1,AnIon exchange membrane,40.4,9.1,11.3,39.2,100,FALSE,
Cu,Cube,Carbon plate,25,-0.81,K+,0.1,HCO3-,0.1,AnIon exchange membrane,35.7,6.6,8.9,48.8,100,FALSE,
Cu,Cube,Carbon plate,25,-0.86,K+,0.1,HCO3-,0.1,AnIon exchange membrane,37.5,2,5.3,55.1,99.9,FALSE,
Cu,Cube,Carbon plate,25,-0.89,K+,0.1,HCO3-,0.1,AnIon exchange membrane,40.2,1,12,46.8,100,FALSE,
Cu,Cube,Carbon plate,25,-0.53,Cs+,0.1,HCO3-,0.1,AnIon exchange membrane,69.5,20.3,5.1,5,99.9,FALSE,
Cu,Cube,Carbon plate,25,-0.57,Cs+,0.1,HCO3-,0.1,AnIon exchange membrane,54.5,24.3,12.9,8.4,100.1,FALSE,
Cu,Cube,Carbon plate,25,-0.62,Cs+,0.1,HCO3-,0.1,AnIon exchange membrane,42.4,23.2,19.6,14.8,100,FALSE,
Cu,Cube,Carbon plate,25,-0.66,Cs+,0.1,HCO3-,0.1,AnIon exchange membrane,41,16.8,18.3,23.9,100,FALSE,
Cu,Cube,Carbon plate,25,-0.73,Cs+,0.1,HCO3-,0.1,AnIon exchange membrane,39.5,7.7,10.2,42.6,100,FALSE,
Cu,Cube,Carbon plate,25,-0.75,Cs+,0.1,HCO3-,0.1,AnIon exchange membrane,43,3,4.7,49.3,100,FALSE,
Cu,Cube,Carbon plate,25,-0.79,Cs+,0.1,HCO3-,0.1,AnIon exchange membrane,52.3,1.6,3.1,43,100,FALSE,
CuxO,Nanoparticle,Carbon paper,75,-0.229,K+,0.5,HCO3-,0.5,CatIon exchange membrane,0,0.209643606,0.628930818,0,0.838574424,TRUE,Insights into an autonomously formed oxygen-evacuated Cu2O electrode for the selective production of C2H4 from CO2
CuxO,Nanoparticle,Carbon paper,75,-0.33,K+,0.5,HCO3-,0.5,CatIon exchange membrane,15.30398323,5.241090147,5.241090147,0,25.78616352,TRUE,
CuxO,Nanoparticle,Carbon paper,75,-0.428,K+,0.5,HCO3-,0.5,CatIon exchange membrane,35.01048218,5.241090147,5.241090147,0.838574423,46.3312369,TRUE,
CuxO,Nanoparticle,Carbon paper,75,-0.528,K+,0.5,HCO3-,0.5,CatIon exchange membrane,33.12368973,10.6918239,10.90146751,1.467505241,56.18448638,TRUE,
CuxO,Nanoparticle,Carbon paper,75,-0.629,K+,0.5,HCO3-,0.5,CatIon exchange membrane,33.96226415,15.72327044,15.72327044,5.031446541,70.44025157,FALSE,
CuxO,Nanoparticle,Carbon paper,75,-0.727,K+,0.5,HCO3-,0.5,CatIon exchange membrane,45.91194969,21.17400419,21.5932914,7.1278826,95.80712788,FALSE,
CuxO,Nanoparticle,Carbon paper,75,-0.828,K+,0.5,HCO3-,0.5,CatIon exchange membrane,49.8951782,12.78825996,12.99790356,10.48218029,86.16352201,FALSE,
CuxO,Nanoparticle,Carbon paper,75,-0.928,K+,0.5,HCO3-,0.5,CatIon exchange membrane,58.90985325,10.06289308,10.6918239,15.30398323,94.96855346,FALSE,
CuxO,Nanoparticle,Carbon paper,75,-1.026,K+,0.5,HCO3-,0.5,CatIon exchange membrane,59.11949686,6.07966457,6.498951782,23.48008386,95.17819707,FALSE,
CuxO,Nanoparticle,Carbon paper,75,-1.127,K+,0.5,HCO3-,0.5,CatIon exchange membrane,60.7966457,5.241090147,5.870020964,25.57651992,97.48427673,FALSE,
CuxO,Nanoparticle,Carbon paper,75,-1.23,K+,0.5,HCO3-,0.5,CatIon exchange membrane,55.55555556,4.402515723,7.547169811,24.31865828,91.82389937,FALSE,
CuxO,Nanoparticle,Carbon paper,75,-1.328,K+,0.5,HCO3-,0.5,CatIon exchange membrane,60.16771488,1.886792453,4.612159329,23.89937107,90.56603773,FALSE,
CuxO,Nanoparticle,Carbon paper,75,-1.426,K+,0.5,HCO3-,0.5,CatIon exchange membrane,51.57232704,1.257861635,12.15932914,22.43186583,87.42138365,FALSE,
CuxO,Nanoparticle,Carbon paper,75,-1.529,K+,0.5,HCO3-,0.5,CatIon exchange membrane,55.55555556,1.048218029,6.07966457,21.17400419,83.85744235,FALSE,
CuxO,Nanoparticle,Carbon paper,75,-1.627,K+,0.5,HCO3-,0.5,CatIon exchange membrane,55.55555556,0,4.402515723,20.54507338,80.50314466,FALSE,
CuxO,Nanoparticle,Carbon paper,75,-1.725,K+,0.5,HCO3-,0.5,CatIon exchange membrane,61.42557652,0,4.192872117,19.91614256,85.5345912,FALSE,
Cu,Nanoparticle,Carbon paper,160,-0.428,K+,0.5,HCO3-,0.5,CatIon exchange membrane,88.84892086,1.438848921,4.316546763,0,94.60431654,FALSE,
Cu,Nanoparticle,Carbon paper,160,-0.528,K+,0.5,HCO3-,0.5,CatIon exchange membrane,84.5323741,3.237410072,6.834532374,0,94.60431655,FALSE,
Cu,Nanoparticle,Carbon paper,160,-0.629,K+,0.5,HCO3-,0.5,CatIon exchange membrane,68.52517986,4.856115108,26.79856115,0.35971223,100.5395683,FALSE,
Cu,Nanoparticle,Carbon paper,160,-0.727,K+,0.5,HCO3-,0.5,CatIon exchange membrane,67.26618705,7.374100719,26.43884892,0.899280576,101.9784173,FALSE,
Cu,Nanoparticle,Carbon paper,160,-0.828,K+,0.5,HCO3-,0.5,CatIon exchange membrane,48.02158273,10.97122302,32.01438849,4.676258993,95.68345323,FALSE,
Cu,Nanoparticle,Carbon paper,160,-0.928,K+,0.5,HCO3-,0.5,CatIon exchange membrane,45.86330935,6.115107914,39.92805755,5.035971223,96.94244604,FALSE,
Cu,Nanoparticle,Carbon paper,160,-1.026,K+,0.5,HCO3-,0.5,CatIon exchange membrane,42.44604317,2.877697842,43.52517986,7.014388489,95.86330936,FALSE,
Cu,Nanoparticle,Carbon paper,160,-1.127,K+,0.5,HCO3-,0.5,CatIon exchange membrane,35.97122302,2.158273381,53.23741007,6.294964029,97.6618705,FALSE,
Cu,Nanoparticle,Carbon paper,160,-1.23,K+,0.5,HCO3-,0.5,CatIon exchange membrane,31.65467626,1.438848921,55.57553957,6.474820144,95.1438849,FALSE,
Cu,Nanoparticle,Carbon paper,160,-1.328,K+,0.5,HCO3-,0.5,CatIon exchange membrane,33.63309353,0,57.73381295,9.712230216,101.0791367,FALSE,
Cu,Nanoparticle,Carbon paper,160,-1.426,K+,0.5,HCO3-,0.5,CatIon exchange membrane,39.20863309,0,55.03597122,5.755395683,99.99999999,FALSE,
Cu,Nanoparticle,Carbon paper,160,-1.529,K+,0.5,HCO3-,0.5,CatIon exchange membrane,25.89928058,0,63.1294964,5.755395683,94.78417266,FALSE,
Cu,Nanoparticle,Carbon paper,160,-1.627,K+,0.5,HCO3-,0.5,CatIon exchange membrane,58.99280576,0,38.66906475,3.237410072,100.8992806,FALSE,
Cu,Nanoparticle,Carbon paper,160,-1.725,K+,0.5,HCO3-,0.5,CatIon exchange membrane,61.8705036,0,27.87769784,5.215827338,94.96402878,FALSE,
Cu,Nanowire,Cu,24,-0.195,K+,0.1,HCO3-,0.1,AnIon exchange membrane,63.57758621,29.5,7.19,1.71,101.9775862,FALSE,Highly Dense Cu Nanowires for Low-Overpotential CO 2 Reduction
Cu,Nanowire,Cu,24,-0.295,K+,0.1,HCO3-,0.1,AnIon exchange membrane,54.74137931,61.19,8.79,0.7,125.4213793,FALSE,
Cu,Nanowire,Cu,24,-0.395,K+,0.1,HCO3-,0.1,AnIon exchange membrane,55.60344828,61.78,7.5,0.62,125.5034483,FALSE,
Cu,Nanowire,Cu,24,-0.495,K+,0.1,HCO3-,0.1,AnIon exchange membrane,54.74137931,53.25,25.43,2.84,136.2613793,FALSE,
Cu,Nanowire,Cu,24,-0.595,K+,0.1,HCO3-,0.1,AnIon exchange membrane,38.36206897,15.99,30.72,8.47,93.54206897,FALSE,
Cu,Nanowire,Cu,24,-0.695,K+,0.1,HCO3-,0.1,AnIon exchange membrane,17.24137931,4.97,18.05,24.95,65.21137931,TRUE,
Cu,Nanowire,Cu,24,-0.795,K+,0.1,HCO3-,0.1,AnIon exchange membrane,23.49137931,2.49,9.6,26.55,62.13137931,TRUE,
Cu,Nanowire,Cu,24,-0.895,K+,0.1,HCO3-,0.1,AnIon exchange membrane,27.80172414,0.9,3.6,22.97,55.27172414,TRUE,
Cu,Nanowire,Cu,24,-0.995,K+,0.1,HCO3-,0.1,AnIon exchange membrane,38.57758621,0.58,1.37,16.24,56.76758621,TRUE,
Cu,Nanowire,Cu,73,-0.195,K+,0.1,HCO3-,0.1,AnIon exchange membrane,93.40909091,2.954545455,7.727272727,10.45454545,114.5454545,FALSE,
Cu,Nanowire,Cu,73,-0.295,K+,0.1,HCO3-,0.1,AnIon exchange membrane,80.68181818,2.954545455,13.18181818,9.090909091,105.9090909,FALSE,
Cu,Nanowire,Cu,73,-0.395,K+,0.1,HCO3-,0.1,AnIon exchange membrane,80.45454545,2.045454545,17.27272727,6.590909091,106.3636364,FALSE,
Cu,Nanowire,Cu,73,-0.495,K+,0.1,HCO3-,0.1,AnIon exchange membrane,77.72727273,2.954545455,13.63636364,5,99.31818183,FALSE,
Cu,Nanowire,Cu,73,-0.595,K+,0.1,HCO3-,0.1,AnIon exchange membrane,64.54545455,6.136363636,20.68181818,3.409090909,94.77272728,FALSE,
Cu,Nanowire,Cu,73,-0.695,K+,0.1,HCO3-,0.1,AnIon exchange membrane,89.09090909,3.181818182,2.272727273,0,94.54545455,FALSE,
Cu,Nanowire,Cu,73,-0.795,K+,0.1,HCO3-,0.1,AnIon exchange membrane,98.18181818,2.5,2.727272727,0.227272727,103.6363636,FALSE,
Cu,Nanowire,Cu,73,-0.895,K+,0.1,HCO3-,0.1,AnIon exchange membrane,88.86363636,0,0.454545455,0.909090909,90.22727272,FALSE,
Cu,Nanowire,Cu,73,-0.995,K+,0.1,HCO3-,0.1,AnIon exchange membrane,93.40909091,0.909090909,0.454545455,1.818181818,96.59090909,FALSE,
Cu,Nanoparticle,Cu,74,-1.1,K+,0.1,ClO4-,0.1,Proton exchange membrane,29.06197655,33.7520938,1.005025126,36.09715243,99.91624791,FALSE,The importance of surface morphology in controlling the selectivity of polycrystalline copper for CO2 electroreduction
Cu,Needle,Cu,150,-1.1,K+,0.1,HCO3-,0.1,Proton exchange membrane,26.8,5.3,10.9,57,100,FALSE,Carbon dioxide electroreduction to C2 products over copper-cuprous oxide derived from electrosynthesized copper complex
Cu,Needle,Cu,150,-1.2,K+,0.1,HCO3-,0.1,Proton exchange membrane,29.7,4.9,11.1,54.3,100,FALSE,Accelerating CO2 Electroreduction to Multicarbon Products via Synergistic Electric-Thermal Field on Copper NanoNeedles
Cu,Needle,Cu,150,-1.3,K+,0.1,HCO3-,0.1,Proton exchange membrane,31.4,4.3,12.2,52.2,100.1,FALSE,
Cu,Needle,Cu,150,-1.4,K+,0.1,HCO3-,0.1,Proton exchange membrane,36.3,3.8,12,48,100.1,FALSE,
Cu,Needle,Cu,150,-1.5,K+,0.1,HCO3-,0.1,Proton exchange membrane,42.3,3.8,10.8,43.1,100,FALSE,
Cu,Needle,Cu,150,-1.6,K+,0.1,HCO3-,0.1,Proton exchange membrane,45.5,3.8,10.4,40.3,100,FALSE,
Cu,Needle,Cu,150,-1.7,K+,0.1,HCO3-,0.1,Proton exchange membrane,47,3.6,10,39.1,99.7,FALSE,
Cu,Nanoparticle,Cu,20,-0.7,K+,0.1,HCO3-,0.1,AnIon exchange membrane,83.05,1.73,5.06,0,89.84,FALSE,
Cu,Nanoparticle,Cu,20,-0.8,K+,0.1,HCO3-,0.1,AnIon exchange membrane,80.47,4.86,4.54,0.2,90.07,FALSE,CO2 Electroreduction with Enhanced Ethylene and Ethanol Selectivity by Nanostructuring Polycrystalline Copper
Cu,Nanoparticle,Cu,20,-0.9,K+,0.1,HCO3-,0.1,AnIon exchange membrane,71.28,6.77,9.89,9.5,97.44,FALSE,
Cu,Nanoparticle,Cu,20,-1,K+,0.1,HCO3-,0.1,AnIon exchange membrane,68.14,3.74,6.96,12.97,91.81,FALSE,
Cu,Nanoparticle,Cu,20,-1.1,K+,0.1,HCO3-,0.1,AnIon exchange membrane,56.68,2.92,18.64,15.17,93.41,FALSE,
